,filename,token_dupl,lemmas,lemma_dupl,avg_forms_per_lemma,avg_sent_len,unique_ft_clusts,perc_dupl_ft_clusts
0,../TheLatinLibraryScraper/data/texts/agnes.txt,0.3978,11697,0.264426776096435,1.516,28.4599,439,0.0375
1,../TheLatinLibraryScraper/data/texts/alanus.txt,0.913,23,0.9130434782608695,1.0,5.75,12,0.5217
2,../TheLatinLibraryScraper/data/texts/albertanus.txt,0.6042,48,0.6041666666666666,1.0,6.0,15,0.3125
3,../TheLatinLibraryScraper/data/texts/albertofaix.txt,0.6591,44,0.6590909090909091,1.0,7.3333,11,0.25
4,../TheLatinLibraryScraper/data/texts/alcuin.txt,0.8889,36,0.8888888888888888,1.0,7.2,16,0.4444
5,../TheLatinLibraryScraper/data/texts/alice_alice1.txt,0.0143,68316,0.011607822472041689,1.2346,11.4991,238,0.0035
6,../TheLatinLibraryScraper/data/texts/alice_alice3.txt,0.0142,57837,0.011757179660079189,1.2074,8.585,212,0.0037
7,../TheLatinLibraryScraper/data/texts/alice_alice4.txt,0.0094,118720,0.007496630727762803,1.2697,8.6486,242,0.002
8,../TheLatinLibraryScraper/data/texts/alice_alice5.txt,0.0097,96451,0.007962592404433338,1.2305,9.0581,234,0.0024
9,../TheLatinLibraryScraper/data/texts/ambrose.txt,0.9167,24,0.9166666666666666,1.0,8.0,13,0.5417
10,../TheLatinLibraryScraper/data/texts/ambrose_epist.txt,0.4631,2699,0.34123749536865505,1.3626,10.7103,306,0.1134
11,../TheLatinLibraryScraper/data/texts/ambrose_hymns.txt,0.6156,1254,0.532695374800638,1.1557,11.8302,175,0.1396
12,../TheLatinLibraryScraper/data/texts/ambrose_mysteriis.txt,0.3339,6523,0.23700751188103633,1.414,11.5451,376,0.0576
13,../TheLatinLibraryScraper/data/texts/andecavis.txt,0.3049,328,0.28353658536585363,1.0753,14.9091,56,0.1707
14,../TheLatinLibraryScraper/data/texts/andronicus.txt,0.541,536,0.5018656716417911,1.0781,7.2432,89,0.166
15,../TheLatinLibraryScraper/data/texts/angilbert.txt,0.6727,388,0.595360824742268,1.1299,14.3704,101,0.2603
16,../TheLatinLibraryScraper/data/texts/annalesregnifrancorum.txt,0.2508,24937,0.17492080041705096,1.4459,18.8346,430,0.0172
17,../TheLatinLibraryScraper/data/texts/annalesvedastini.txt,0.2913,8891,0.2148239793049151,1.3623,17.1973,322,0.0362
18,../TheLatinLibraryScraper/data/texts/anon.deramis.txt,0.2275,488,0.22131147540983606,1.0278,8.4138,51,0.1045
19,../TheLatinLibraryScraper/data/texts/anon.martyrio.txt,0.4499,3376,0.3181279620853081,1.4199,14.6147,307,0.0909
20,../TheLatinLibraryScraper/data/texts/anon.nev.txt,0.394,8662,0.2712999307319326,1.4681,8.3853,356,0.0411
21,../TheLatinLibraryScraper/data/texts/anselm.txt,0.913,23,0.9130434782608695,1.0,5.75,10,0.4348
22,../TheLatinLibraryScraper/data/texts/anselmproslogion.txt,0.239,7798,0.1683765067966145,1.4356,14.8533,365,0.0468
23,../TheLatinLibraryScraper/data/texts/appverg.catalepton.txt,0.0671,14133,0.05618057029646926,1.1977,16.0238,229,0.0162
24,../TheLatinLibraryScraper/data/texts/appverg.ciris.txt,0.5509,4106,0.4320506575742815,1.2824,6.8662,315,0.0767
25,../TheLatinLibraryScraper/data/texts/appvergcomp.txt,0.2623,28271,0.16667256198931768,1.5925,17.1651,511,0.0181
26,../TheLatinLibraryScraper/data/texts/appvergculex.txt,0.606,3117,0.49695219762592235,1.2266,19.4812,259,0.0831
27,../TheLatinLibraryScraper/data/texts/aquinas.txt,0.8913,46,0.8913043478260869,1.0,6.5714,17,0.3696
28,../TheLatinLibraryScraper/data/texts/arbroath.txt,0.5941,1190,0.5218487394957984,1.1465,37.1875,212,0.1782
29,../TheLatinLibraryScraper/data/texts/archpoet.txt,0.4746,5377,0.34424400223172774,1.3874,13.6819,349,0.0649
30,../TheLatinLibraryScraper/data/texts/arnobius.txt,0.7368,38,0.7368421052631579,1.0,6.3333,10,0.2632
31,../TheLatinLibraryScraper/data/texts/arnulf.txt,0.7749,231,0.7186147186147186,1.0783,12.8333,62,0.2684
32,../TheLatinLibraryScraper/data/texts/asconius.txt,0.2816,19373,0.18835492696020234,1.5097,12.881,507,0.0262
33,../TheLatinLibraryScraper/data/texts/asserius.txt,0.3023,14676,0.21163804851458162,1.443,23.8634,460,0.0313
34,../TheLatinLibraryScraper/data/texts/august.txt,0.3588,170,0.3588235294117647,1.0,7.7273,16,0.0941
35,../TheLatinLibraryScraper/data/texts/aus.mos.txt,0.3153,6793,0.2599735021345503,1.2169,19.2436,266,0.0392
36,../TheLatinLibraryScraper/data/texts/aus.sept.sent.txt,0.331,867,0.29411764705882354,1.1294,5.8188,110,0.1269
37,../TheLatinLibraryScraper/data/texts/ausonius.txt,0.9048,21,0.9047619047619048,1.0,4.2,10,0.4762
38,../TheLatinLibraryScraper/data/texts/ave.phoen.txt,0.6897,1144,0.5865384615384616,1.1803,18.7541,171,0.1495
39,../TheLatinLibraryScraper/data/texts/avianus.txt,0.5159,5208,0.4049539170506912,1.2802,13.0526,334,0.0641
40,../TheLatinLibraryScraper/data/texts/avienus.periegesis.txt,0.3804,10642,0.2981582409321556,1.2934,14.5981,331,0.0311
41,../TheLatinLibraryScraper/data/texts/axio.txt,0.0393,36872,0.03124321978737253,1.2604,13.616,296,0.008
42,../TheLatinLibraryScraper/data/texts/bacon_,0.8947,38,0.8947368421052632,1.0,5.4286,19,0.5
43,../TheLatinLibraryScraper/data/texts/balbus.txt,0.3993,2642,0.2850113550340651,1.4117,12.2315,311,0.1177
44,../TheLatinLibraryScraper/data/texts/balde_,0.9375,16,0.9375,1.0,5.3333,10,0.625
45,../TheLatinLibraryScraper/data/texts/balde_balde1.txt,0.8346,133,0.8270676691729323,1.0091,10.2308,53,0.3985
46,../TheLatinLibraryScraper/data/texts/balde_balde2.txt,0.8152,211,0.7962085308056872,1.0238,14.0667,70,0.3318
47,../TheLatinLibraryScraper/data/texts/baldo.txt,0.4012,11068,0.27331044452475606,1.4893,16.5194,454,0.041
48,../TheLatinLibraryScraper/data/texts/bebel_,0.3416,22349,0.2263635956866079,1.5226,14.8993,582,0.026
49,../TheLatinLibraryScraper/data/texts/bede.txt,0.85,40,0.85,1.0,5.7143,12,0.3
50,../TheLatinLibraryScraper/data/texts/benedict.txt,0.2894,15541,0.18660317868863008,1.5662,15.2512,519,0.0334
51,../TheLatinLibraryScraper/data/texts/berengar.txt,0.4619,6467,0.35735271377764033,1.2977,12.7554,414,0.064
52,../TheLatinLibraryScraper/data/texts/bernardcluny.txt,0.8846,26,0.8846153846153846,1.0,5.2,11,0.4231
53,../TheLatinLibraryScraper/data/texts/bernardcluny1.txt,0.3508,11706,0.26798223133435845,1.329,13.8861,378,0.0323
54,../TheLatinLibraryScraper/data/texts/biggs_,0.3646,7314,0.26210008203445445,1.4027,24.8776,440,0.0602
55,../TheLatinLibraryScraper/data/texts/bill.rights.txt,0.5935,556,0.4856115107913669,1.2333,15.8857,134,0.241
56,../TheLatinLibraryScraper/data/texts/blesensis.txt,0.2986,9119,0.20583397302335782,1.463,17.5365,386,0.0423
57,../TheLatinLibraryScraper/data/texts/boethiusdacia.txt,0.6452,31,0.6451612903225806,1.0,6.2,13,0.4194
58,../TheLatinLibraryScraper/data/texts/boethiusdacia_deaeternitate.txt,0.162,9031,0.09212711770568044,1.7764,18.7755,363,0.0402
59,../TheLatinLibraryScraper/data/texts/boskovic_,0.4317,4542,0.36305592250110086,1.1941,10.3699,272,0.0599
60,../TheLatinLibraryScraper/data/texts/boym_,0.4876,4352,0.39499080882352944,1.2408,13.8599,319,0.0733
61,../TheLatinLibraryScraper/data/texts/buchanan_,0.4121,6185,0.29555375909458365,1.4026,23.428,346,0.0559
62,../TheLatinLibraryScraper/data/texts/calpurniusflaccus.txt,0.3821,8649,0.26419239218406754,1.4543,9.8284,413,0.0478
63,../TheLatinLibraryScraper/data/texts/calpurniussiculus.txt,0.4768,6051,0.3485374318294497,1.3803,14.8309,347,0.0573
64,../TheLatinLibraryScraper/data/texts/campion_,0.6923,52,0.6923076923076923,1.0,7.4286,17,0.3269
65,../TheLatinLibraryScraper/data/texts/capellanus.txt,0.84,25,0.84,1.0,5.0,10,0.4
66,../TheLatinLibraryScraper/data/texts/carm.bur.txt,0.1101,1499,0.1000667111407605,1.1,22.7121,63,0.042
67,../TheLatinLibraryScraper/data/texts/carmenarvale.txt,0.3558,104,0.3557692307692308,1.027,5.7778,21,0.2019
68,../TheLatinLibraryScraper/data/texts/carmensaliare.txt,0.8413,63,0.8253968253968254,1.0192,4.2,24,0.381
69,../TheLatinLibraryScraper/data/texts/cassiodorus.txt,0.6613,62,0.6612903225806451,1.0,7.75,15,0.2419
70,../TheLatinLibraryScraper/data/texts/catalogueliberien.txt,0.3272,1522,0.30749014454664914,1.0641,11.7984,78,0.0512
71,../TheLatinLibraryScraper/data/texts/cato.dis.txt,0.4224,2898,0.321256038647343,1.3233,7.1556,234,0.0807
72,../TheLatinLibraryScraper/data/texts/cato_cato.agri.txt,0.2705,19707,0.19937078195565028,1.3879,11.5787,431,0.0219
73,../TheLatinLibraryScraper/data/texts/cato_cato.frag.txt,0.3558,2625,0.312,1.1416,8.8983,220,0.0838
74,../TheLatinLibraryScraper/data/texts/celtis.odes.txt,0.1581,2037,0.14678448699067256,1.0769,25.7848,115,0.0565
75,../TheLatinLibraryScraper/data/texts/celtis.oratio.txt,0.054,39597,0.04073540924817537,1.3304,24.1592,389,0.0098
76,../TheLatinLibraryScraper/data/texts/censorinus.txt,0.3348,12119,0.22741150259922435,1.4891,20.1647,468,0.0386
77,../TheLatinLibraryScraper/data/texts/certamen.txt,0.5644,202,0.5643564356435643,1.0,9.1818,28,0.1386
78,../TheLatinLibraryScraper/data/texts/certamen_afa1.1.txt,0.0233,19240,0.022920997920997922,1.0249,9.5769,58,0.003
79,../TheLatinLibraryScraper/data/texts/certamen_afa1.2.txt,0.0282,13711,0.027642039238567572,1.029,8.6396,56,0.0041
80,../TheLatinLibraryScraper/data/texts/certamen_afa1.3.txt,0.0292,14094,0.02880658436213992,1.0271,7.4023,59,0.0042
81,../TheLatinLibraryScraper/data/texts/certamen_afa1.finals.txt,0.0138,41913,0.01369503495335576,1.0209,9.0116,77,0.0018
82,../TheLatinLibraryScraper/data/texts/certamen_afa2.1.txt,0.029,14838,0.02844049063216067,1.0284,8.2848,56,0.0038
83,../TheLatinLibraryScraper/data/texts/certamen_afa2.2.txt,0.0266,15965,0.026746006890072033,1.0141,9.282,63,0.0039
84,../TheLatinLibraryScraper/data/texts/certamen_afa2.3.txt,0.0326,17381,0.03273689661124216,1.0176,9.9037,78,0.0045
85,../TheLatinLibraryScraper/data/texts/certamen_afa2.finals.txt,0.0157,43508,0.015491403879746254,1.0252,9.819,82,0.0019
86,../TheLatinLibraryScraper/data/texts/certamen_afa2001.1.1.txt,0.0443,8812,0.04369042215161144,1.0234,6.5517,48,0.0054
87,../TheLatinLibraryScraper/data/texts/certamen_afa2001.1.2.txt,0.1272,3421,0.12306343174510377,1.038,7.6532,58,0.017
88,../TheLatinLibraryScraper/data/texts/certamen_afa2001.1.3.txt,0.0583,7268,0.05764997248211337,1.0167,8.7884,48,0.0066
89,../TheLatinLibraryScraper/data/texts/certamen_afa2001.1.finals.txt,0.0397,14238,0.038909959263941564,1.0343,7.8446,76,0.0053
90,../TheLatinLibraryScraper/data/texts/certamen_afa2001.2.1.txt,0.0416,11140,0.04111310592459605,1.0197,8.0783,73,0.0066
91,../TheLatinLibraryScraper/data/texts/certamen_afa2001.2.2.txt,0.0305,14601,0.03027189918498733,1.0158,9.0465,50,0.0034
92,../TheLatinLibraryScraper/data/texts/certamen_afa2001.2.3.txt,0.0259,16597,0.02542628185816714,1.0355,9.5276,56,0.0034
93,../TheLatinLibraryScraper/data/texts/certamen_afa2001.2.finals.txt,0.02,30238,0.019445730537733977,1.0425,8.8519,81,0.0027
94,../TheLatinLibraryScraper/data/texts/certamen_afa2001.3.1.txt,0.0499,8836,0.0496831145314622,1.0228,8.4555,59,0.0067
95,../TheLatinLibraryScraper/data/texts/certamen_afa2001.3.finals.txt,0.0142,43662,0.013970958728413724,1.0279,7.9371,86,0.002
96,../TheLatinLibraryScraper/data/texts/certamen_afa2002.1.1.txt,0.451,969,0.4458204334365325,1.0162,7.9426,55,0.0568
97,../TheLatinLibraryScraper/data/texts/certamen_afa2002.1.2.txt,0.1272,3421,0.12306343174510377,1.038,7.6532,58,0.017
98,../TheLatinLibraryScraper/data/texts/certamen_afa2002.1.3.txt,0.2163,1549,0.21497740477727567,1.012,7.4115,57,0.0368
99,../TheLatinLibraryScraper/data/texts/certamen_afa2002.1.finals.txt,0.0477,10208,0.04692398119122257,1.0313,8.6289,77,0.0075
100,../TheLatinLibraryScraper/data/texts/certamen_afa2002.2.1.txt,0.4525,915,0.4524590163934426,1.0121,7.7542,57,0.0623
101,../TheLatinLibraryScraper/data/texts/certamen_afa2002.2.2.txt,0.1199,2602,0.11721752498078401,1.0262,7.0324,45,0.0173
102,../TheLatinLibraryScraper/data/texts/certamen_afa2002.2.3.txt,0.144,1938,0.1434468524251806,1.0072,8.8493,40,0.0206
103,../TheLatinLibraryScraper/data/texts/certamen_afa2002.2.finals.txt,0.0801,5093,0.0803063027685058,1.0122,8.9982,52,0.0102
104,../TheLatinLibraryScraper/data/texts/certamen_afa2002.3.1.txt,0.0831,4368,0.08218864468864469,1.0167,8.1645,49,0.0112
105,../TheLatinLibraryScraper/data/texts/certamen_afa2002.3.2.txt,0.0944,4099,0.09465723347157844,1.0077,7.7486,50,0.0122
106,../TheLatinLibraryScraper/data/texts/certamen_afa2002.3.3.txt,0.0814,4583,0.08138773728998473,1.008,7.2978,57,0.0124
107,../TheLatinLibraryScraper/data/texts/certamen_afa2002.3.finals.txt,0.0581,10076,0.05706629614926558,1.0296,8.5245,75,0.0074
108,../TheLatinLibraryScraper/data/texts/certamen_afa2002.4.1.txt,0.0831,4467,0.0819341840161182,1.0191,8.0924,50,0.0112
109,../TheLatinLibraryScraper/data/texts/certamen_afa2002.4.2.txt,0.0857,4537,0.08551906546175887,1.0129,7.7291,53,0.0117
110,../TheLatinLibraryScraper/data/texts/certamen_afa2002.4.3.txt,0.083,4480,0.08325892857142857,1.008,7.3563,57,0.0127
111,../TheLatinLibraryScraper/data/texts/certamen_afa2002.4.finals.txt,0.0529,10965,0.05198358413132695,1.0298,8.5397,75,0.0068
112,../TheLatinLibraryScraper/data/texts/certamen_afa3.1.txt,0.0423,11903,0.04251029152314543,1.0178,9.7247,62,0.0052
113,../TheLatinLibraryScraper/data/texts/certamen_afa3.2.txt,0.0537,8549,0.053456544625102353,1.0175,9.2123,66,0.0077
114,../TheLatinLibraryScraper/data/texts/certamen_afa3.3.txt,0.0321,15660,0.031928480204342274,1.014,8.4058,68,0.0043
115,../TheLatinLibraryScraper/data/texts/certamen_afa3.finals.txt,0.0208,28430,0.0204009848751319,1.0397,7.9126,83,0.0029
116,../TheLatinLibraryScraper/data/texts/certamen_afa4.1.txt,0.055,8054,0.054507077228706236,1.0228,7.6197,65,0.0081
117,../TheLatinLibraryScraper/data/texts/certamen_afa4.2.txt,0.0343,16655,0.034584208946262386,1.0087,10.5411,62,0.0037
118,../TheLatinLibraryScraper/data/texts/certamen_afa4.3.txt,0.0287,21290,0.028182245185533115,1.025,9.4454,83,0.0039
119,../TheLatinLibraryScraper/data/texts/certamen_afa4.finals.txt,0.0195,34292,0.019158987518954857,1.0259,8.1357,82,0.0024
120,../TheLatinLibraryScraper/data/texts/certamen_capital2002.1.1.txt,0.0432,9909,0.042587546674740136,1.019,8.5867,62,0.0063
121,../TheLatinLibraryScraper/data/texts/certamen_capital2002.1.2.txt,0.2811,1622,0.2718865598027127,1.0431,7.4404,69,0.0425
122,../TheLatinLibraryScraper/data/texts/certamen_capital2002.1.3.txt,0.4632,991,0.45509586276488395,1.02,7.2336,66,0.0666
123,../TheLatinLibraryScraper/data/texts/certamen_capital2002.1.4.txt,0.4678,994,0.46378269617706236,1.013,7.1511,57,0.0573
124,../TheLatinLibraryScraper/data/texts/certamen_capital2002.2.1.txt,0.4852,946,0.4809725158562368,1.0132,7.8182,64,0.0677
125,../TheLatinLibraryScraper/data/texts/certamen_capital2002.2.2.txt,0.5014,1105,0.4995475113122172,1.0163,12.4157,61,0.0552
126,../TheLatinLibraryScraper/data/texts/certamen_capital2002.2.3.txt,0.4263,997,0.4222668004012036,1.0166,7.1727,60,0.0602
127,../TheLatinLibraryScraper/data/texts/certamen_capital2002.2.4.txt,0.4278,1087,0.42226310947562096,1.0218,7.6549,68,0.0626
128,../TheLatinLibraryScraper/data/texts/certamen_capital2002.3.1.txt,0.4995,985,0.49137055837563454,1.031,8.2773,79,0.0802
129,../TheLatinLibraryScraper/data/texts/certamen_capital2002.3.2.txt,0.4718,1098,0.4726775956284153,1.0154,7.4189,68,0.0619
130,../TheLatinLibraryScraper/data/texts/certamen_capital2002.3.3.txt,0.5163,1104,0.5108695652173914,1.0177,8.6929,60,0.0543
131,../TheLatinLibraryScraper/data/texts/certamen_capital2002.3.4.txt,0.4774,1148,0.47735191637630664,1.0164,7.6026,69,0.0601
132,../TheLatinLibraryScraper/data/texts/certamen_cc2002.1.1.txt,0.4182,1143,0.41819772528433946,1.0105,6.1452,49,0.0429
133,../TheLatinLibraryScraper/data/texts/certamen_certamenquestions.txt,0.0064,6833,0.006439338504317283,1.0,7.8091,16,0.0023
134,../TheLatinLibraryScraper/data/texts/certamen_chan96.1.txt,0.0383,23399,0.03790760288901235,1.0214,7.7789,82,0.0035
135,../TheLatinLibraryScraper/data/texts/certamen_chan96.2.txt,0.0679,15928,0.06705173279758915,1.0225,7.1683,105,0.0066
136,../TheLatinLibraryScraper/data/texts/christian.txt,0.7778,135,0.7777777777777778,1.0,7.1053,31,0.2296
137,../TheLatinLibraryScraper/data/texts/cinna.txt,0.8958,144,0.875,1.0238,4.9655,58,0.4028
138,../TheLatinLibraryScraper/data/texts/classics.txt,0.258,1442,0.25173370319001387,1.0248,5.3407,77,0.0534
139,../TheLatinLibraryScraper/data/texts/claud.inscr.txt,0.5801,924,0.49134199134199136,1.1872,19.6596,186,0.2013
140,../TheLatinLibraryScraper/data/texts/claudian_claudian.cons6.txt,0.6559,4897,0.548907494384317,1.2013,17.7428,353,0.0721
141,../TheLatinLibraryScraper/data/texts/claudian_claudian.olyb.txt,0.7415,2031,0.6587887740029542,1.1278,16.5122,231,0.1137
142,../TheLatinLibraryScraper/data/texts/claudian_claudian.proserp1.txt,0.5935,2684,0.5301788375558867,1.1209,14.4301,215,0.0801
143,../TheLatinLibraryScraper/data/texts/claudian_claudian.proserp2.txt,0.7233,2974,0.6284465366509752,1.152,15.9037,249,0.0837
144,../TheLatinLibraryScraper/data/texts/claudian_claudian.proserp3.txt,0.6677,3316,0.5702653799758746,1.175,12.8031,284,0.0856
145,../TheLatinLibraryScraper/data/texts/claudian_claudian.ruf1.txt,0.3646,5239,0.31551822866959345,1.1567,14.3534,258,0.0492
146,../TheLatinLibraryScraper/data/texts/clitophon.txt,0.4775,1797,0.3444629938786867,1.3926,16.4862,245,0.1363
147,../TheLatinLibraryScraper/data/texts/colman.txt,0.3899,554,0.3555956678700361,1.1015,14.2051,91,0.1643
148,../TheLatinLibraryScraper/data/texts/columba.txt,0.7778,18,0.7777777777777778,1.0,6.0,8,0.4444
149,../TheLatinLibraryScraper/data/texts/columba1.txt,0.3315,11799,0.23773201118738876,1.4061,19.0,432,0.0366
150,../TheLatinLibraryScraper/data/texts/columba2.txt,0.3988,6404,0.30309181761399123,1.322,19.8266,351,0.0548
151,../TheLatinLibraryScraper/data/texts/columella.txt,0.6786,56,0.6785714285714286,1.0,8.0,12,0.2143
152,../TheLatinLibraryScraper/data/texts/comes.txt,0.4685,143,0.45454545454545453,1.0615,17.875,34,0.2378
153,../TheLatinLibraryScraper/data/texts/commodianus.txt,0.92,25,0.92,1.0,6.25,15,0.6
154,../TheLatinLibraryScraper/data/texts/commodianus_commodianus1.txt,0.3857,8860,0.2665914221218962,1.4513,11.6579,405,0.0457
155,../TheLatinLibraryScraper/data/texts/commodianus_commodianus2.txt,0.405,9545,0.28727082242011526,1.4198,11.1377,428,0.0448
156,../TheLatinLibraryScraper/data/texts/commodianus_commodianus3.txt,0.2718,504,0.25793650793650796,1.0615,13.6216,58,0.1151
157,../TheLatinLibraryScraper/data/texts/corvinus.txt,0.9444,18,0.9444444444444444,1.0,6.0,11,0.6111
158,../TheLatinLibraryScraper/data/texts/corvinus2.txt,0.7635,795,0.6943396226415094,1.0996,20.9211,147,0.1849
159,../TheLatinLibraryScraper/data/texts/cotta.txt,0.1534,9000,0.12677777777777777,1.2156,13.7405,277,0.0308
160,../TheLatinLibraryScraper/data/texts/creeds.txt,0.2987,1118,0.24329159212880144,1.2279,12.0215,122,0.1091
161,../TheLatinLibraryScraper/data/texts/dante.txt,0.7576,33,0.7575757575757576,1.0,4.7143,13,0.3939
162,../TheLatinLibraryScraper/data/texts/dares.txt,0.2861,9709,0.20589144093109485,1.4002,11.6136,333,0.0343
163,../TheLatinLibraryScraper/data/texts/dares1.txt,0.3055,9310,0.22169709989258862,1.3876,13.4732,334,0.0359
164,../TheLatinLibraryScraper/data/texts/debury.txt,0.2704,27925,0.18692927484333036,1.4525,21.5804,533,0.0191
165,../TheLatinLibraryScraper/data/texts/declaratio.txt,0.4527,1628,0.32432432432432434,1.4053,15.6538,211,0.1296
166,../TheLatinLibraryScraper/data/texts/decretum.txt,0.4706,2180,0.3811926605504587,1.2383,9.8643,239,0.1096
167,../TheLatinLibraryScraper/data/texts/des.txt,0.8,30,0.8,1.0,7.5,11,0.3667
168,../TheLatinLibraryScraper/data/texts/diesirae.txt,0.6833,281,0.6334519572953736,1.0787,8.2647,77,0.274
169,../TheLatinLibraryScraper/data/texts/diravi.txt,0.1365,791,0.1276864728192162,1.0693,14.6481,45,0.0569
170,../TheLatinLibraryScraper/data/texts/don.txt,0.2292,5184,0.12364969135802469,1.8877,12.0,428,0.0826
171,../TheLatinLibraryScraper/data/texts/donation.txt,0.4403,3164,0.31257901390644754,1.4125,29.5701,314,0.0992
172,../TheLatinLibraryScraper/data/texts/dulcesolum.txt,0.2414,290,0.23793103448275862,1.0145,19.3333,36,0.1241
173,../TheLatinLibraryScraper/data/texts/dumdiane.txt,0.2456,631,0.23454833597464342,1.0541,19.1212,68,0.1078
174,../TheLatinLibraryScraper/data/texts/ebulo.txt,0.3653,13853,0.27921749801487045,1.3226,13.9226,426,0.0308
175,../TheLatinLibraryScraper/data/texts/egeria.txt,0.8696,23,0.8695652173913043,1.0,4.6,8,0.3478
176,../TheLatinLibraryScraper/data/texts/egeria1.txt,0.2073,11329,0.13602259687527585,1.5425,18.3317,398,0.0351
177,../TheLatinLibraryScraper/data/texts/egeria2.txt,0.1757,9862,0.11275603325897383,1.5737,17.4549,339,0.0344
178,../TheLatinLibraryScraper/data/texts/ein.txt,0.414,9296,0.2985154905335628,1.3942,25.6088,430,0.0463
179,../TheLatinLibraryScraper/data/texts/enn.txt,0.6697,1438,0.5876216968011126,1.142,10.1268,200,0.1391
180,../TheLatinLibraryScraper/data/texts/ennodius.txt,0.5127,5666,0.369219908224497,1.3929,14.3807,405,0.0715
181,../TheLatinLibraryScraper/data/texts/ep.priapismo.txt,0.4469,3287,0.3322178278065105,1.3489,19.8012,325,0.0989
182,../TheLatinLibraryScraper/data/texts/epistaustras.txt,0.416,5325,0.30103286384976524,1.3893,28.7838,386,0.0725
183,../TheLatinLibraryScraper/data/texts/epitaphs.txt,0.5203,2120,0.4226415094339623,1.2388,8.3137,241,0.1137
184,../TheLatinLibraryScraper/data/texts/epitomecononiana.txt,0.2568,6900,0.20028985507246377,1.2894,12.6143,268,0.0388
185,../TheLatinLibraryScraper/data/texts/epitomefeliciana.txt,0.2468,7796,0.18945613134940995,1.3081,12.9933,252,0.0323
186,../TheLatinLibraryScraper/data/texts/epubs.txt,0.4347,398,0.43467336683417085,1.0,3.8641,46,0.1156
187,../TheLatinLibraryScraper/data/texts/erasmus.txt,0.9655,29,0.9655172413793104,1.0,4.8333,19,0.6552
188,../TheLatinLibraryScraper/data/texts/estas.txt,0.1517,356,0.14887640449438203,1.0189,12.2759,28,0.0787
189,../TheLatinLibraryScraper/data/texts/eucherius.txt,0.4971,4679,0.37187433212224835,1.342,16.1903,362,0.0774
190,../TheLatinLibraryScraper/data/texts/exivi.txt,0.0221,83691,0.015533330943590112,1.4338,22.3057,360,0.0043
191,../TheLatinLibraryScraper/data/texts/falcone.txt,0.2025,43347,0.13539575979883267,1.5127,14.8652,567,0.0131
192,../TheLatinLibraryScraper/data/texts/fletcher.txt,0.1325,27145,0.1012341130963345,1.3177,21.059,338,0.0125
193,../TheLatinLibraryScraper/data/texts/florus1.txt,0.3553,19523,0.2507811299492906,1.4314,15.8081,479,0.0245
194,../TheLatinLibraryScraper/data/texts/florus2.txt,0.4011,11815,0.29784172661870506,1.3544,15.4647,416,0.0352
195,../TheLatinLibraryScraper/data/texts/foedusaeternum.txt,0.6263,562,0.5142348754448398,1.2249,26.7619,140,0.2491
196,../TheLatinLibraryScraper/data/texts/forsett2.txt,0.0677,30199,0.0544057750256631,1.252,11.9647,355,0.0118
197,../TheLatinLibraryScraper/data/texts/fortunat.txt,0.1681,595,0.16134453781512606,1.0417,11.0185,49,0.0824
198,../TheLatinLibraryScraper/data/texts/fredegarius.txt,0.2495,27107,0.1748256907809791,1.4385,15.428,473,0.0174
199,../TheLatinLibraryScraper/data/texts/frodebertus.txt,0.4996,1347,0.4365256124721604,1.1463,5.8312,165,0.1225
200,../TheLatinLibraryScraper/data/texts/fulbert.txt,0.7727,132,0.7424242424242424,1.0408,11.0,52,0.3939
201,../TheLatinLibraryScraper/data/texts/fulgentius.txt,0.8205,39,0.8205128205128205,1.0,6.5,11,0.2821
202,../TheLatinLibraryScraper/data/texts/gaius.txt,0.8095,21,0.8095238095238095,1.0,5.25,9,0.4286
203,../TheLatinLibraryScraper/data/texts/gaius2.txt,0.2059,15777,0.12410470938708246,1.6818,14.6354,467,0.0296
204,../TheLatinLibraryScraper/data/texts/gaius4.txt,0.2178,13886,0.13452398098804552,1.6376,15.9609,433,0.0312
205,../TheLatinLibraryScraper/data/texts/garcilaso.txt,0.0269,28881,0.02312939302655725,1.1707,15.3704,178,0.0062
206,../TheLatinLibraryScraper/data/texts/gaud.txt,0.1547,614,0.1449511400651466,1.0674,12.7917,47,0.0765
207,../TheLatinLibraryScraper/data/texts/gauss.txt,0.0503,61253,0.03322286255367084,1.5366,19.0168,438,0.0072
208,../TheLatinLibraryScraper/data/texts/germanicus.txt,0.4648,5547,0.34216693708310797,1.3688,17.836,319,0.0575
209,../TheLatinLibraryScraper/data/texts/gestafrancorum.txt,0.6452,31,0.6451612903225806,1.0,7.75,9,0.2903
210,../TheLatinLibraryScraper/data/texts/godfrey.txt,0.8421,19,0.8421052631578947,1.0,4.75,8,0.4211
211,../TheLatinLibraryScraper/data/texts/grattius.txt,0.5571,4206,0.43675701378982407,1.2809,15.6357,318,0.0756
212,../TheLatinLibraryScraper/data/texts/gravissimas.txt,0.0316,34000,0.023911764705882355,1.3272,25.5831,288,0.0085
213,../TheLatinLibraryScraper/data/texts/greg.txt,0.5633,900,0.4388888888888889,1.2886,27.2727,192,0.2133
214,../TheLatinLibraryScraper/data/texts/gregory.txt,0.6207,29,0.6206896551724138,1.0,3.2222,7,0.2414
215,../TheLatinLibraryScraper/data/texts/gregory7.txt,0.3114,18296,0.1825535636204635,1.7204,24.3622,566,0.0309
216,../TheLatinLibraryScraper/data/texts/gregorytours.txt,0.7317,41,0.7317073170731707,1.0,5.8571,8,0.1951
217,../TheLatinLibraryScraper/data/texts/gwinne1.txt,0.4289,8018,0.3159141930656024,1.3672,9.1217,389,0.0485
218,../TheLatinLibraryScraper/data/texts/gwinne2.txt,0.015,156489,0.011163723967818824,1.3555,7.0874,329,0.0021
219,../TheLatinLibraryScraper/data/texts/gwinne5.1.txt,0.019,110506,0.014207373355292926,1.3497,5.34,315,0.0029
220,../TheLatinLibraryScraper/data/texts/gwinne5.3.txt,0.0285,50698,0.02240719555012032,1.2782,6.2498,254,0.005
221,../TheLatinLibraryScraper/data/texts/gwinne5.4.txt,0.015,139980,0.011723103300471495,1.2901,5.0972,307,0.0022
222,../TheLatinLibraryScraper/data/texts/hebet.txt,0.329,307,0.30944625407166126,1.0632,13.9545,46,0.1498
223,../TheLatinLibraryScraper/data/texts/henry.txt,0.6562,32,0.65625,1.0,8.0,10,0.3125
224,../TheLatinLibraryScraper/data/texts/henry1.txt,0.4218,3696,0.30384199134199136,1.398,24.4768,378,0.1023
225,../TheLatinLibraryScraper/data/texts/henry2.txt,0.5879,1024,0.4482421875,1.3159,28.4444,232,0.2266
226,../TheLatinLibraryScraper/data/texts/henry3.txt,0.5058,1374,0.3893740902474527,1.3047,42.9375,251,0.1827
227,../TheLatinLibraryScraper/data/texts/histapoll.txt,0.3039,14315,0.20768424729304924,1.4729,12.5901,483,0.0337
228,../TheLatinLibraryScraper/data/texts/histbrit.txt,0.3128,11262,0.22864500088794176,1.3755,13.2963,412,0.0366
229,../TheLatinLibraryScraper/data/texts/hrabanus.txt,0.1544,991,0.13218970736629668,1.1679,16.5167,83,0.0838
230,../TheLatinLibraryScraper/data/texts/hugo.txt,0.8158,38,0.8157894736842105,1.0,7.6,9,0.2368
231,../TheLatinLibraryScraper/data/texts/hugo_hugo.solo.txt,0.2936,9694,0.19197441716525687,1.5395,19.8648,468,0.0483
232,../TheLatinLibraryScraper/data/texts/hugo_hugo1.txt,0.3675,5072,0.24566246056782334,1.5016,19.1396,353,0.0696
233,../TheLatinLibraryScraper/data/texts/hugo_hugo2.txt,0.3458,6509,0.240436318943002,1.4486,16.1114,332,0.051
234,../TheLatinLibraryScraper/data/texts/hugo_hugo3.txt,0.4069,5497,0.28288157176641804,1.4469,15.8415,373,0.0679
235,../TheLatinLibraryScraper/data/texts/hugo_hugo6.txt,0.3625,6394,0.24773224898342197,1.4697,15.0447,412,0.0644
236,../TheLatinLibraryScraper/data/texts/hydatius.txt,0.85,20,0.85,1.0,5.0,7,0.35
237,../TheLatinLibraryScraper/data/texts/hydatiuschronicon.txt,0.3826,6492,0.2982131854590265,1.296,13.358,298,0.0459
238,../TheLatinLibraryScraper/data/texts/hydatiusfasti.txt,0.3327,8445,0.3191237418590882,1.0434,12.8149,192,0.0227
239,../TheLatinLibraryScraper/data/texts/hyginus.txt,0.8293,41,0.8292682926829268,1.0,6.8333,11,0.2683
240,../TheLatinLibraryScraper/data/texts/hymni.txt,0.4417,2178,0.36363636363636365,1.2184,10.89,213,0.0978
241,../TheLatinLibraryScraper/data/texts/iabervocius.txt,0.0295,14830,0.028455832771409305,1.0403,13.6808,100,0.0067
242,../TheLatinLibraryScraper/data/texts/iamdulcis.txt,0.1015,1615,0.09164086687306501,1.1081,11.5357,72,0.0446
243,../TheLatinLibraryScraper/data/texts/ilias.txt,0.4523,7539,0.3302825308396339,1.3795,15.8382,359,0.0476
244,../TheLatinLibraryScraper/data/texts/imperialism_syllabus.txt,0.1132,6023,0.1133986385522165,1.0015,6.4486,55,0.0091
245,../TheLatinLibraryScraper/data/texts/index.txt,0.7797,236,0.7796610169491526,1.0,8.7407,34,0.1441
246,../TheLatinLibraryScraper/data/texts/innocent.txt,0.9062,32,0.90625,1.0,8.0,12,0.375
247,../TheLatinLibraryScraper/data/texts/innocent2.txt,0.4003,4774,0.2932551319648094,1.3686,18.2214,342,0.0716
248,../TheLatinLibraryScraper/data/texts/inquisitio.txt,0.2425,4941,0.19368548876745598,1.2832,12.2605,247,0.05
249,../TheLatinLibraryScraper/data/texts/inscriptions.txt,0.5099,1210,0.46942148760330576,1.1004,8.705,145,0.1198
250,../TheLatinLibraryScraper/data/texts/iordanes1.txt,0.3662,23464,0.25796965564268665,1.4294,24.3655,508,0.0217
251,../TheLatinLibraryScraper/data/texts/iordanes2.txt,0.3841,20954,0.28987305526391144,1.3347,18.0482,463,0.0221
252,../TheLatinLibraryScraper/data/texts/isidore.txt,0.6071,84,0.6071428571428571,1.0,7.0,13,0.1548
253,../TheLatinLibraryScraper/data/texts/janus.txt,0.9286,14,0.9285714285714286,1.0,4.6667,8,0.5714
254,../TheLatinLibraryScraper/data/texts/jerome.txt,0.8571,21,0.8571428571428571,1.0,5.25,11,0.5238
255,../TheLatinLibraryScraper/data/texts/jerome_contraioannem.txt,0.3115,16711,0.20884447369995812,1.5014,14.4809,511,0.0306
256,../TheLatinLibraryScraper/data/texts/jerome_epistulae.txt,0.4779,6447,0.3534977508918877,1.3567,14.0458,406,0.063
257,../TheLatinLibraryScraper/data/texts/jerome_vitamalchus.txt,0.567,2471,0.4508296236341562,1.2603,13.5027,273,0.1105
258,../TheLatinLibraryScraper/data/texts/jerome_vitapauli.txt,0.5523,2955,0.43282571912013534,1.2815,14.2067,305,0.1032
259,../TheLatinLibraryScraper/data/texts/jfkhonor.txt,0.7226,292,0.7157534246575342,1.0096,17.1765,64,0.2192
260,../TheLatinLibraryScraper/data/texts/johannes.txt,0.259,14542,0.16944024205748864,1.5434,13.8232,413,0.0284
261,../TheLatinLibraryScraper/data/texts/junillus.txt,0.2731,12715,0.16799056232795911,1.6339,13.0947,464,0.0365
262,../TheLatinLibraryScraper/data/texts/justinian.txt,0.3885,157,0.3885350318471338,1.0,8.7222,10,0.0637
263,../TheLatinLibraryScraper/data/texts/justin_1.txt,0.5346,3060,0.40261437908496733,1.332,18.6585,287,0.0938
264,../TheLatinLibraryScraper/data/texts/justin_10.txt,0.6839,484,0.5723140495867769,1.2022,20.1667,122,0.2521
265,../TheLatinLibraryScraper/data/texts/justin_11.txt,0.4851,3886,0.3656716417910448,1.3336,18.1589,314,0.0808
266,../TheLatinLibraryScraper/data/texts/justin_15.txt,0.5599,1411,0.45499645641389086,1.2336,20.75,197,0.1396
267,../TheLatinLibraryScraper/data/texts/justin_16.txt,0.5746,1601,0.4540911930043723,1.2737,20.0125,221,0.138
268,../TheLatinLibraryScraper/data/texts/justin_17.txt,0.6097,1012,0.5098814229249012,1.1996,24.6829,173,0.1709
269,../TheLatinLibraryScraper/data/texts/justin_19.txt,0.6305,774,0.5568475452196382,1.1346,20.9189,155,0.2003
270,../TheLatinLibraryScraper/data/texts/justin_2.txt,0.473,5361,0.3428464838649506,1.383,18.6794,341,0.0636
271,../TheLatinLibraryScraper/data/texts/justin_20.txt,0.6085,1364,0.5175953079178885,1.1827,18.1867,199,0.1459
272,../TheLatinLibraryScraper/data/texts/justin_21.txt,0.6262,1193,0.5247275775356245,1.1981,18.9365,196,0.1643
273,../TheLatinLibraryScraper/data/texts/justin_22.txt,0.5053,2187,0.3982624599908551,1.2744,21.233,253,0.1157
274,../TheLatinLibraryScraper/data/texts/justin_25.txt,0.6066,1065,0.5183098591549296,1.1757,21.3,179,0.1681
275,../TheLatinLibraryScraper/data/texts/justin_26.txt,0.6417,801,0.5493133583021224,1.175,22.25,158,0.1973
276,../TheLatinLibraryScraper/data/texts/justin_27.txt,0.6171,820,0.5292682926829269,1.1682,21.0256,144,0.1756
277,../TheLatinLibraryScraper/data/texts/justin_28.txt,0.5882,1105,0.49140271493212667,1.2007,23.5106,178,0.1611
278,../TheLatinLibraryScraper/data/texts/justin_29.txt,0.5885,972,0.4835390946502058,1.2213,19.44,194,0.1996
279,../TheLatinLibraryScraper/data/texts/justin_3.txt,0.58,1900,0.4557894736842105,1.2748,19.7917,247,0.13
280,../TheLatinLibraryScraper/data/texts/justin_30.txt,0.2195,2952,0.18157181571815717,1.2108,20.6434,178,0.0603
281,../TheLatinLibraryScraper/data/texts/justin_32.txt,0.6077,1346,0.5163447251114414,1.1813,23.2069,191,0.1419
282,../TheLatinLibraryScraper/data/texts/justin_33.txt,0.7004,474,0.6139240506329114,1.1443,16.9286,124,0.2616
283,../TheLatinLibraryScraper/data/texts/justin_34.txt,0.6362,789,0.523447401774398,1.2203,20.2308,154,0.1952
284,../TheLatinLibraryScraper/data/texts/justin_35.txt,0.7205,415,0.6602409638554216,1.0912,19.7619,110,0.2651
285,../TheLatinLibraryScraper/data/texts/justin_36.txt,0.6305,1253,0.5195530726256983,1.2181,20.2097,200,0.1596
286,../TheLatinLibraryScraper/data/texts/justin_37.txt,0.6103,857,0.5192532088681447,1.1798,20.4048,150,0.175
287,../TheLatinLibraryScraper/data/texts/justin_38.txt,0.4841,3297,0.364877161055505,1.33,21.4091,287,0.087
288,../TheLatinLibraryScraper/data/texts/justin_39.txt,0.5464,1510,0.4423841059602649,1.241,21.8841,208,0.1377
289,../TheLatinLibraryScraper/data/texts/justin_4.txt,0.6187,1175,0.5174468085106383,1.2007,18.3594,203,0.1728
290,../TheLatinLibraryScraper/data/texts/justin_40.txt,0.6797,281,0.6227758007117438,1.0914,20.0714,78,0.2776
291,../TheLatinLibraryScraper/data/texts/justin_41.txt,0.569,1485,0.4754208754208754,1.2025,17.069,214,0.1441
292,../TheLatinLibraryScraper/data/texts/justin_42.txt,0.5645,1559,0.4567030147530468,1.2416,22.5942,201,0.1289
293,../TheLatinLibraryScraper/data/texts/justin_44.txt,0.6232,1449,0.5169082125603864,1.2109,17.8889,208,0.1435
294,../TheLatinLibraryScraper/data/texts/justin_5.txt,0.5077,2714,0.3931466470154753,1.2971,17.1772,266,0.098
295,../TheLatinLibraryScraper/data/texts/justin_6.txt,0.5362,1932,0.41873706004140787,1.2831,18.2264,245,0.1268
296,../TheLatinLibraryScraper/data/texts/justin_7.txt,0.6229,1371,0.5010940919037199,1.2489,19.5857,215,0.1568
297,../TheLatinLibraryScraper/data/texts/justin_8.txt,0.5691,1564,0.4571611253196931,1.249,18.8434,229,0.1464
298,../TheLatinLibraryScraper/data/texts/justin_praefatio.txt,0.7245,265,0.660377358490566,1.0971,37.8571,91,0.3434
299,../TheLatinLibraryScraper/data/texts/justin_prologi.txt,0.3501,3479,0.2908881862604197,1.2065,11.9144,200,0.0575
300,../TheLatinLibraryScraper/data/texts/kalila.txt,0.2225,35010,0.13324764353041987,1.6958,13.4654,584,0.0167
301,../TheLatinLibraryScraper/data/texts/kempis.txt,0.8214,28,0.8214285714285714,1.0,7.0,10,0.3571
302,../TheLatinLibraryScraper/data/texts/lactantius.txt,0.6341,41,0.6341463414634146,1.0,6.8333,12,0.2927
303,../TheLatinLibraryScraper/data/texts/landor.1858.txt,0.0279,83112,0.023426220040427374,1.1972,12.3808,320,0.0039
304,../TheLatinLibraryScraper/data/texts/landor1795.txt,0.0306,62758,0.026594219063705026,1.1576,12.9585,276,0.0044
305,../TheLatinLibraryScraper/data/texts/landor1806.txt,0.0759,30137,0.061718153764475564,1.2328,12.6893,334,0.0111
306,../TheLatinLibraryScraper/data/texts/landor1810.txt,0.0491,8348,0.047316722568279825,1.038,16.2729,133,0.0159
307,../TheLatinLibraryScraper/data/texts/legenda.stephani.txt,0.5266,3838,0.40906722251172484,1.2955,25.085,308,0.0803
308,../TheLatinLibraryScraper/data/texts/leges.txt,0.9583,24,0.9583333333333334,1.0,8.0,18,0.75
309,../TheLatinLibraryScraper/data/texts/leo.txt,0.8571,28,0.8571428571428571,1.0,7.0,11,0.3929
310,../TheLatinLibraryScraper/data/texts/leo1.txt,0.3528,7536,0.25331740976645434,1.4002,13.2443,388,0.0515
311,../TheLatinLibraryScraper/data/texts/leo2.txt,0.3489,6636,0.23884870403857747,1.4669,13.6263,376,0.0567
312,../TheLatinLibraryScraper/data/texts/leothegreat.txt,0.7292,48,0.7291666666666666,1.0,9.6,10,0.2083
313,../TheLatinLibraryScraper/data/texts/leothegreat_quadragesima1.txt,0.5533,1455,0.4542955326460481,1.2209,18.8961,236,0.1622
314,../TheLatinLibraryScraper/data/texts/leothegreat_quadragesima2.txt,0.5965,1202,0.49916805324459235,1.1967,20.3729,211,0.1755
315,../TheLatinLibraryScraper/data/texts/letabundus.txt,0.1972,649,0.1926040061633282,1.024,14.4222,51,0.0786
316,../TheLatinLibraryScraper/data/texts/levis.txt,0.2338,278,0.22661870503597123,1.0317,12.087,39,0.1403
317,../TheLatinLibraryScraper/data/texts/lhomond.txt,0.9474,19,0.9473684210526315,1.0,4.75,12,0.6316
318,../TheLatinLibraryScraper/data/texts/lhomond.viris.txt,0.293,33822,0.1908225415410088,1.5502,13.7265,558,0.0165
319,../TheLatinLibraryScraper/data/texts/liberpontificalis.txt,0.8636,22,0.8636363636363636,1.0,4.4,11,0.5
320,../TheLatinLibraryScraper/data/texts/lotichius.txt,0.7459,185,0.654054054054054,1.1405,9.7368,72,0.3892
321,../TheLatinLibraryScraper/data/texts/lucernarium.txt,0.2141,355,0.2056338028169014,1.0411,16.9048,38,0.107
322,../TheLatinLibraryScraper/data/texts/luther.95.txt,0.4698,1973,0.35681702990369996,1.331,15.784,255,0.1292
323,../TheLatinLibraryScraper/data/texts/luther.lteramus.txt,0.2787,1805,0.22493074792243767,1.2463,22.5625,198,0.1097
324,../TheLatinLibraryScraper/data/texts/luther.praef.txt,0.0268,53323,0.019916358794516437,1.3493,23.6781,321,0.006
325,../TheLatinLibraryScraper/data/texts/macarius.txt,0.4899,1839,0.39749864056552475,1.2367,10.6301,207,0.1126
326,../TheLatinLibraryScraper/data/texts/maidstone.txt,0.2077,5027,0.16630196936542668,1.2512,8.6972,264,0.0525
327,../TheLatinLibraryScraper/data/texts/malaterra.txt,0.7949,39,0.7948717948717948,1.0,7.8,12,0.3077
328,../TheLatinLibraryScraper/data/texts/manilius.txt,0.8,30,0.8,1.0,6.0,9,0.3
329,../TheLatinLibraryScraper/data/texts/manilius1.txt,0.444,6788,0.3115792575132587,1.4378,20.0236,339,0.0499
330,../TheLatinLibraryScraper/data/texts/manilius2.txt,0.412,7524,0.28668261562998404,1.446,21.4971,383,0.0509
331,../TheLatinLibraryScraper/data/texts/manilius3.txt,0.4357,5325,0.2984037558685446,1.472,23.2533,362,0.068
332,../TheLatinLibraryScraper/data/texts/manilius4.txt,0.4666,7226,0.33379463050096875,1.4051,19.9063,387,0.0536
333,../TheLatinLibraryScraper/data/texts/manilius5.txt,0.5403,5453,0.41353383458646614,1.3135,22.3484,319,0.0585
334,../TheLatinLibraryScraper/data/texts/mapps.txt,0.7895,19,0.7894736842105263,1.0,6.3333,10,0.5263
335,../TheLatinLibraryScraper/data/texts/mapps1.txt,0.2743,3992,0.2374749498997996,1.1593,10.7024,220,0.0551
336,../TheLatinLibraryScraper/data/texts/mapps2.txt,0.5552,2194,0.4562443026435734,1.2178,12.5371,230,0.1048
337,../TheLatinLibraryScraper/data/texts/marcellinus.txt,0.7778,36,0.7777777777777778,1.0,7.2,11,0.3056
338,../TheLatinLibraryScraper/data/texts/marcellinus2.txt,0.3512,13218,0.2783325767892268,1.271,12.1155,370,0.028
339,../TheLatinLibraryScraper/data/texts/marullo.txt,0.5844,474,0.5274261603375527,1.108,13.1667,108,0.2278
340,../TheLatinLibraryScraper/data/texts/marx.txt,0.5488,1024,0.4072265625,1.3525,36.5714,209,0.2041
341,../TheLatinLibraryScraper/data/texts/maximianus.txt,0.4753,5098,0.3277755982738329,1.462,13.7784,362,0.071
342,../TheLatinLibraryScraper/data/texts/may.txt,0.7742,62,0.7741935483870968,1.0,12.4,16,0.2581
343,../TheLatinLibraryScraper/data/texts/medieval.txt,0.8191,199,0.8190954773869347,1.0,6.6333,52,0.2613
344,../TheLatinLibraryScraper/data/texts/melanchthon_conf.txt,0.2936,12630,0.19010292953285826,1.5506,12.4311,442,0.035
345,../TheLatinLibraryScraper/data/texts/melancthon.txt,0.9,30,0.9,1.0,7.5,14,0.4667
346,../TheLatinLibraryScraper/data/texts/milton.quintnov.txt,0.719,1740,0.6528735632183909,1.1021,24.507,201,0.1155
347,../TheLatinLibraryScraper/data/texts/minucius.txt,0.3908,13900,0.26201438848920866,1.4984,17.9587,497,0.0358
348,../TheLatinLibraryScraper/data/texts/mirabilia.txt,0.3674,5555,0.28802880288028804,1.2856,11.6213,307,0.0553
349,../TheLatinLibraryScraper/data/texts/mirandola.txt,0.9333,60,0.9333333333333333,1.0,10.0,27,0.45
350,../TheLatinLibraryScraper/data/texts/misc.txt,0.9375,112,0.9375,1.0,5.6,28,0.25
351,../TheLatinLibraryScraper/data/texts/miscmed.txt,0.9448,145,0.9241379310344827,1.0224,8.0556,57,0.3931
352,../TheLatinLibraryScraper/data/texts/modinst.txt,0.0301,9703,0.031021333608162425,1.0033,15.8805,35,0.0036
353,../TheLatinLibraryScraper/data/texts/montanus.txt,0.6425,979,0.5617977528089888,1.1455,13.0533,164,0.1675
354,../TheLatinLibraryScraper/data/texts/more.txt,0.2829,32823,0.1526673369283734,1.8781,22.6992,641,0.0195
355,../TheLatinLibraryScraper/data/texts/musavenit.txt,0.2009,433,0.19861431870669746,1.0116,12.7353,37,0.0855
356,../TheLatinLibraryScraper/data/texts/naevius.txt,0.5819,1160,0.5120689655172413,1.1431,6.6286,151,0.1302
357,../TheLatinLibraryScraper/data/texts/navagero.txt,0.469,8228,0.36315021876519205,1.3039,17.6188,422,0.0513
358,../TheLatinLibraryScraper/data/texts/nemesianus.txt,0.8065,31,0.8064516129032258,1.0,6.2,9,0.2903
359,../TheLatinLibraryScraper/data/texts/nemesianus1.txt,0.6894,689,0.6211901306240929,1.1145,15.6591,131,0.1901
360,../TheLatinLibraryScraper/data/texts/nemesianus2.txt,0.677,712,0.5969101123595506,1.1365,16.9524,148,0.2079
361,../TheLatinLibraryScraper/data/texts/nemesianus3.txt,0.7505,537,0.7113594040968343,1.055,15.3429,109,0.203
362,../TheLatinLibraryScraper/data/texts/nemesianus4.txt,0.5912,636,0.5330188679245284,1.1121,11.1579,111,0.1745
363,../TheLatinLibraryScraper/data/texts/neo.txt,0.96,100,0.96,1.0,5.5556,32,0.32
364,../TheLatinLibraryScraper/data/texts/newton.capita.txt,0.1099,1911,0.10308738880167452,1.0761,13.5532,73,0.0382
365,../TheLatinLibraryScraper/data/texts/newton.leges.txt,0.1005,796,0.09045226130653267,1.1111,12.8387,47,0.059
366,../TheLatinLibraryScraper/data/texts/newton.regulae.txt,0.0465,7434,0.03914447134786118,1.2062,16.9339,138,0.0186
367,../TheLatinLibraryScraper/data/texts/newton.scholium.txt,0.0616,13277,0.04790238758755743,1.3019,13.9758,204,0.0154
368,../TheLatinLibraryScraper/data/texts/newton.txt,0.3822,157,0.3821656050955414,1.0,7.1364,28,0.1783
369,../TheLatinLibraryScraper/data/texts/nithardus1.txt,0.0512,26912,0.03975921521997622,1.2925,23.0017,272,0.0101
370,../TheLatinLibraryScraper/data/texts/nithardus2.txt,0.0388,42697,0.02775370634939223,1.4042,22.9677,315,0.0074
371,../TheLatinLibraryScraper/data/texts/nithardus4.txt,0.0523,25492,0.0395418170406402,1.3323,21.9569,295,0.0116
372,../TheLatinLibraryScraper/data/texts/nivis.txt,0.1123,1532,0.10835509138381201,1.0361,9.2289,77,0.0503
373,../TheLatinLibraryScraper/data/texts/nobilis.txt,0.1955,358,0.1871508379888268,1.0448,9.4211,33,0.0922
374,../TheLatinLibraryScraper/data/texts/notitia.txt,0.7778,18,0.7777777777777778,1.0,6.0,10,0.5556
375,../TheLatinLibraryScraper/data/texts/novatian.txt,0.193,24589,0.10289153686607833,1.8866,16.5806,493,0.02
376,../TheLatinLibraryScraper/data/texts/obsequens.txt,0.3834,7133,0.3178185896537221,1.2126,8.0327,268,0.0376
377,../TheLatinLibraryScraper/data/texts/omnegenus.txt,0.2288,472,0.2266949152542373,1.0093,20.5217,46,0.0975
378,../TheLatinLibraryScraper/data/texts/oratio.stephani.txt,0.6301,1030,0.4912621359223301,1.2905,28.6111,224,0.2175
379,../TheLatinLibraryScraper/data/texts/origo.txt,0.4178,1204,0.33637873754152825,1.2444,13.2308,146,0.1213
380,../TheLatinLibraryScraper/data/texts/orosius.txt,0.7188,32,0.71875,1.0,8.0,12,0.375
381,../TheLatinLibraryScraper/data/texts/ottofreising.txt,0.8065,31,0.8064516129032258,1.0,7.75,12,0.3871
382,../TheLatinLibraryScraper/data/texts/ottofreising_epistola.txt,0.5832,1142,0.4807355516637478,1.2168,25.9545,184,0.1611
383,../TheLatinLibraryScraper/data/texts/owen.txt,0.0266,13590,0.023473142016188372,1.1411,9.611,113,0.0083
384,../TheLatinLibraryScraper/data/texts/paris.txt,0.6137,831,0.529482551143201,1.1614,13.623,145,0.1745
385,../TheLatinLibraryScraper/data/texts/pascoli.laur.txt,0.351,1963,0.30820173204279167,1.1388,12.1173,165,0.0841
386,../TheLatinLibraryScraper/data/texts/pascoli.txt,0.2146,219,0.2146118721461187,1.0,7.0645,21,0.0959
387,../TheLatinLibraryScraper/data/texts/pascoli.veianius.txt,0.3751,1573,0.343928798474253,1.0924,13.1083,138,0.0877
388,../TheLatinLibraryScraper/data/texts/passerat.txt,0.3503,1196,0.3210702341137124,1.0938,12.3299,139,0.1162
389,../TheLatinLibraryScraper/data/texts/patricius.txt,0.1144,341,0.11436950146627566,1.0,4.6712,19,0.0557
390,../TheLatinLibraryScraper/data/texts/patricius1.txt,0.031,43304,0.021222058008498062,1.4777,13.9645,339,0.0078
391,../TheLatinLibraryScraper/data/texts/patricius2.txt,0.0416,26272,0.029803593179049938,1.4125,15.004,280,0.0107
392,../TheLatinLibraryScraper/data/texts/pauldeacon.txt,0.5634,71,0.5633802816901409,1.0,7.8889,12,0.169
393,../TheLatinLibraryScraper/data/texts/paulinus.poemata.txt,0.3512,30289,0.2402192214995543,1.4773,19.1098,562,0.0186
394,../TheLatinLibraryScraper/data/texts/pervig.txt,0.5746,778,0.5025706940874036,1.1458,11.7879,126,0.162
395,../TheLatinLibraryScraper/data/texts/petrarch.ep1.txt,0.5908,1085,0.47649769585253454,1.2437,17.2222,213,0.1963
396,../TheLatinLibraryScraper/data/texts/petrarch.numa.txt,0.6657,999,0.5675675675675675,1.1781,18.1636,189,0.1892
397,../TheLatinLibraryScraper/data/texts/petrarch.rom.txt,0.5838,2326,0.472055030094583,1.2459,17.2296,256,0.1101
398,../TheLatinLibraryScraper/data/texts/petrarch.txt,0.96,25,0.96,1.0,3.5714,14,0.56
399,../TheLatinLibraryScraper/data/texts/petrarchmedicus.txt,0.1492,53862,0.09591177453492258,1.5759,15.117,596,0.0111
400,../TheLatinLibraryScraper/data/texts/petronius1.txt,0.3332,37443,0.21624869802099192,1.5526,13.0965,606,0.0162
401,../TheLatinLibraryScraper/data/texts/petroniusfrag.txt,0.6402,1462,0.5745554035567716,1.1179,10.1528,204,0.1395
402,../TheLatinLibraryScraper/data/texts/phaedr1.txt,0.601,2599,0.49288187764524816,1.224,10.0736,273,0.105
403,../TheLatinLibraryScraper/data/texts/phaedr2.txt,0.6672,1208,0.5802980132450332,1.1526,10.5965,198,0.1639
404,../TheLatinLibraryScraper/data/texts/phaedr3.txt,0.5777,2903,0.45918015845676885,1.2618,10.9135,285,0.0982
405,../TheLatinLibraryScraper/data/texts/phaedr4.txt,0.5779,3416,0.4481850117096019,1.2933,9.5955,312,0.0913
406,../TheLatinLibraryScraper/data/texts/phaedr5.txt,0.6714,1208,0.5844370860927153,1.1544,10.0667,205,0.1697
407,../TheLatinLibraryScraper/data/texts/phaedrapp.txt,0.599,3070,0.4771986970684039,1.2601,10.0327,275,0.0896
408,../TheLatinLibraryScraper/data/texts/piccolomini.carmen.txt,0.1894,1542,0.15304798962386512,1.2373,11.594,120,0.0778
409,../TheLatinLibraryScraper/data/texts/piccolomini.ep1.txt,0.2326,2188,0.20840950639853748,1.1184,19.7117,149,0.0681
410,../TheLatinLibraryScraper/data/texts/piccolomini.ep2.txt,0.19,3542,0.15330321852060982,1.2468,15.5351,205,0.0579
411,../TheLatinLibraryScraper/data/texts/piccolomini.ep3.txt,0.178,5831,0.13548276453438518,1.3203,21.1268,258,0.0442
412,../TheLatinLibraryScraper/data/texts/piccolomini.ep4.txt,0.1584,12619,0.12243442428084635,1.3003,13.8823,328,0.026
413,../TheLatinLibraryScraper/data/texts/piccolomini.ep6.txt,0.2198,1915,0.18903394255874673,1.1657,13.8768,157,0.082
414,../TheLatinLibraryScraper/data/texts/piccolomini.turcos.txt,0.0703,16130,0.05375077495350279,1.3149,11.1088,294,0.0182
415,../TheLatinLibraryScraper/data/texts/planctus.txt,0.691,547,0.6197440585009141,1.1209,18.8621,112,0.2048
416,../TheLatinLibraryScraper/data/texts/pliny.ep1.txt,0.4127,7817,0.2939746705897403,1.4108,13.4544,469,0.06
417,../TheLatinLibraryScraper/data/texts/pliny.ep2.txt,0.4328,7830,0.3057471264367816,1.4248,14.1591,469,0.0599
418,../TheLatinLibraryScraper/data/texts/pliny.ep3.txt,0.4193,8170,0.2951040391676867,1.4297,15.2425,455,0.0557
419,../TheLatinLibraryScraper/data/texts/pliny.ep4.txt,0.4199,7781,0.30098959002698883,1.4039,12.99,474,0.0609
420,../TheLatinLibraryScraper/data/texts/pliny.ep5.txt,0.4461,7380,0.3214092140921409,1.3976,13.5413,447,0.0606
421,../TheLatinLibraryScraper/data/texts/pliny.ep6.txt,0.4213,8434,0.29428503675598766,1.4396,12.0831,478,0.0567
422,../TheLatinLibraryScraper/data/texts/pliny.ep7.txt,0.4216,7702,0.2965463515969878,1.4326,12.5236,446,0.0579
423,../TheLatinLibraryScraper/data/texts/pliny.ep8.txt,0.4203,7557,0.28873891755987824,1.4661,14.731,469,0.0621
424,../TheLatinLibraryScraper/data/texts/pliny.ep9.txt,0.4124,7982,0.29691806564770734,1.3975,12.1307,450,0.0564
425,../TheLatinLibraryScraper/data/texts/pliny.nh3.txt,0.4164,12090,0.3599669148056245,1.1638,16.722,369,0.0305
426,../TheLatinLibraryScraper/data/texts/pliny.nh4.txt,0.4014,10302,0.3473112017084061,1.1601,15.7282,359,0.0348
427,../TheLatinLibraryScraper/data/texts/pliny.nh5.txt,0.4021,11903,0.3388221456775603,1.1919,15.8707,376,0.0316
428,../TheLatinLibraryScraper/data/texts/pliny.nhpr.txt,0.5657,1932,0.4353002070393375,1.3032,15.3333,287,0.1486
429,../TheLatinLibraryScraper/data/texts/pliny.panegyricus.txt,0.2949,24338,0.17840414167146026,1.6654,14.4012,613,0.0252
430,../TheLatinLibraryScraper/data/texts/poggio.txt,0.3477,17717,0.24659931139583452,1.4244,14.7151,506,0.0286
431,../TheLatinLibraryScraper/data/texts/pomponius.txt,0.9167,24,0.9166666666666666,1.0,4.0,11,0.4583
432,../TheLatinLibraryScraper/data/texts/pomponius1.txt,0.4394,6927,0.3453154323661036,1.2801,15.2242,359,0.0518
433,../TheLatinLibraryScraper/data/texts/pomponius2.txt,0.4407,7163,0.36199916236213875,1.2245,16.3913,338,0.0472
434,../TheLatinLibraryScraper/data/texts/pomponius3.txt,0.4597,5936,0.35175202156334234,1.3194,17.2058,351,0.0591
435,../TheLatinLibraryScraper/data/texts/pontano.txt,0.3004,2044,0.25048923679060664,1.2109,15.0294,166,0.0812
436,../TheLatinLibraryScraper/data/texts/poree.txt,0.2919,11134,0.21115502065744565,1.4003,6.1856,412,0.037
437,../TheLatinLibraryScraper/data/texts/porphyrius.txt,0.4078,6189,0.29116173856842786,1.4195,13.784,346,0.0559
438,../TheLatinLibraryScraper/data/texts/potatores.txt,0.7282,195,0.6461538461538462,1.127,21.6667,65,0.3333
439,../TheLatinLibraryScraper/data/texts/prataiam.txt,0.307,342,0.2777777777777778,1.1053,17.1,53,0.155
440,../TheLatinLibraryScraper/data/texts/prec.terr.txt,0.6176,272,0.5514705882352942,1.1267,15.1111,72,0.2647
441,../TheLatinLibraryScraper/data/texts/precatio.txt,0.2967,364,0.260989010989011,1.1368,4.2824,60,0.1648
442,../TheLatinLibraryScraper/data/texts/prop2.txt,0.3802,10701,0.26623680029903746,1.443,13.05,450,0.0421
443,../TheLatinLibraryScraper/data/texts/prop3.txt,0.4675,7543,0.34760705289672544,1.3551,14.4502,412,0.0546
444,../TheLatinLibraryScraper/data/texts/prop4.txt,0.1683,20699,0.11923281317938064,1.4242,13.3887,397,0.0192
445,../TheLatinLibraryScraper/data/texts/propertius1.txt,0.4535,5292,0.328042328042328,1.3923,15.5647,367,0.0693
446,../TheLatinLibraryScraper/data/texts/prosperus.epistola.txt,0.472,2674,0.3492894540014959,1.3555,22.661,310,0.1159
447,../TheLatinLibraryScraper/data/texts/prosperus.rufinum.txt,0.4006,5187,0.2943898207056102,1.3654,20.1047,400,0.0771
448,../TheLatinLibraryScraper/data/texts/prosperus.sententiae.txt,0.2637,18207,0.15230405887845333,1.7436,18.2801,498,0.0274
449,../TheLatinLibraryScraper/data/texts/prosperus.txt,0.8095,21,0.8095238095238095,1.0,7.0,10,0.4762
450,../TheLatinLibraryScraper/data/texts/prud.txt,0.6792,53,0.6792452830188679,1.0,6.625,12,0.2264
451,../TheLatinLibraryScraper/data/texts/psplato.amatores.txt,0.0765,15204,0.05347277032359905,1.4428,12.2317,303,0.0199
452,../TheLatinLibraryScraper/data/texts/psplato.demodocus.txt,0.1406,6053,0.08574260697174954,1.657,15.0948,250,0.0413
453,../TheLatinLibraryScraper/data/texts/psplato.eryxias.txt,0.1284,13065,0.083964791427478,1.5469,16.7715,400,0.0306
454,../TheLatinLibraryScraper/data/texts/psplato.halcyon.txt,0.0602,13826,0.048459424273108634,1.2493,16.2659,243,0.0176
455,../TheLatinLibraryScraper/data/texts/psplato.iusto.txt,0.0043,118039,0.003219274985386186,1.3579,5.7068,176,0.0015
456,../TheLatinLibraryScraper/data/texts/psplato.sisyphus.txt,0.0083,81202,0.006182113741040861,1.3625,9.1228,213,0.0026
457,../TheLatinLibraryScraper/data/texts/psplato.virtu.txt,0.0084,79467,0.0062415845571117574,1.3589,9.7041,233,0.0029
458,../TheLatinLibraryScraper/data/texts/quum.txt,0.185,1254,0.14832535885167464,1.2473,20.2258,110,0.0877
459,../TheLatinLibraryScraper/data/texts/readme.txt,0.6562,96,0.6666666666666666,1.0,13.7143,16,0.1667
460,../TheLatinLibraryScraper/data/texts/readme1998.txt,0.0822,9046,0.08235684280344904,1.0027,12.3748,80,0.0088
461,../TheLatinLibraryScraper/data/texts/readme1999.txt,0.0117,72211,0.011674121671213527,1.0059,12.6797,103,0.0014
462,../TheLatinLibraryScraper/data/texts/readme2002.txt,0.0144,44119,0.014528887780774723,1.0031,14.1771,83,0.0019
463,../TheLatinLibraryScraper/data/texts/readme2003.txt,0.0217,22768,0.02165319747013352,1.002,13.0252,71,0.0031
464,../TheLatinLibraryScraper/data/texts/readme2004.txt,0.0444,10255,0.04436860068259386,1.0022,16.408,58,0.0057
465,../TheLatinLibraryScraper/data/texts/readme2005.txt,0.5942,138,0.6014492753623188,1.0,10.6154,22,0.1594
466,../TheLatinLibraryScraper/data/texts/readme2006.txt,0.2679,1646,0.264277035236938,1.0161,12.8594,78,0.0474
467,../TheLatinLibraryScraper/data/texts/readme2007.txt,0.5799,169,0.5798816568047337,1.0102,12.0714,23,0.1361
468,../TheLatinLibraryScraper/data/texts/reposianus.txt,0.5639,1534,0.4706649282920469,1.2064,14.3364,177,0.1154
469,../TheLatinLibraryScraper/data/texts/resgestae.txt,0.4557,3079,0.36440402728158494,1.2576,16.8251,280,0.0909
470,../TheLatinLibraryScraper/data/texts/resgestae1.txt,0.1544,11176,0.1335898353614889,1.1654,15.7408,280,0.0251
471,../TheLatinLibraryScraper/data/texts/rhetores.txt,0.7414,116,0.6724137931034483,1.1026,10.5455,49,0.4224
472,../TheLatinLibraryScraper/data/texts/richerus.txt,0.7692,26,0.7692307692307693,1.0,6.5,8,0.3077
473,../TheLatinLibraryScraper/data/texts/richerus1.txt,0.3912,9869,0.2852365994528321,1.3837,13.247,417,0.0423
474,../TheLatinLibraryScraper/data/texts/richerus2.txt,0.3376,16572,0.22900072411296163,1.487,14.0918,479,0.0289
475,../TheLatinLibraryScraper/data/texts/richerus3.txt,0.368,14648,0.2507509557618788,1.4775,13.1608,505,0.0345
476,../TheLatinLibraryScraper/data/texts/rimbaud.txt,0.7403,516,0.6957364341085271,1.0669,12.9,109,0.2112
477,../TheLatinLibraryScraper/data/texts/ruaeus.txt,0.5115,3036,0.419631093544137,1.2237,12.2419,255,0.084
478,../TheLatinLibraryScraper/data/texts/rumor.txt,0.1845,569,0.17926186291739896,1.0294,9.9825,51,0.0896
479,../TheLatinLibraryScraper/data/texts/rutilius.txt,0.642,4765,0.5143756558237146,1.2534,12.9133,332,0.0697
480,../TheLatinLibraryScraper/data/texts/sabinus.txt,0.8,30,0.8,1.0,7.5,14,0.4667
481,../TheLatinLibraryScraper/data/texts/sabinus1.txt,0.6298,1067,0.5463917525773195,1.1595,11.2316,194,0.1818
482,../TheLatinLibraryScraper/data/texts/sabinus2.txt,0.6312,884,0.5452488687782805,1.1639,10.1609,163,0.1844
483,../TheLatinLibraryScraper/data/texts/sabinus3.txt,0.6376,756,0.541005291005291,1.1809,10.6479,160,0.2116
484,../TheLatinLibraryScraper/data/texts/sall.1.txt,0.3176,13426,0.20825264412334277,1.5397,16.4534,452,0.0337
485,../TheLatinLibraryScraper/data/texts/sall.2.txt,0.2633,25499,0.15416290834934704,1.7306,17.5492,563,0.0221
486,../TheLatinLibraryScraper/data/texts/sall.cotta.txt,0.6692,526,0.5570342205323194,1.2082,14.2162,139,0.2643
487,../TheLatinLibraryScraper/data/texts/sall.ep2.txt,0.4984,1842,0.38870792616720956,1.2877,13.6444,247,0.1341
488,../TheLatinLibraryScraper/data/texts/sall.invectiva.txt,0.5605,917,0.4536532170119956,1.2404,14.1077,191,0.2083
489,../TheLatinLibraryScraper/data/texts/sall.lep.txt,0.6146,999,0.4994994994994995,1.2365,23.7857,214,0.2142
490,../TheLatinLibraryScraper/data/texts/sall.macer.txt,0.601,1000,0.482,1.2531,16.9492,204,0.204
491,../TheLatinLibraryScraper/data/texts/sall.mithr.txt,0.6537,901,0.5416204217536071,1.2131,22.525,184,0.2042
492,../TheLatinLibraryScraper/data/texts/sall.phil.txt,0.5804,1101,0.48047229791099,1.2117,20.7736,198,0.1798
493,../TheLatinLibraryScraper/data/texts/sall.pomp.txt,0.7,490,0.6163265306122448,1.1391,18.1481,132,0.2694
494,../TheLatinLibraryScraper/data/texts/sannazaro.txt,0.9091,22,0.9090909090909091,1.0,5.5,12,0.5455
495,../TheLatinLibraryScraper/data/texts/sannazaro1.txt,0.4505,11387,0.3292350926495126,1.3822,14.3957,415,0.0364
496,../TheLatinLibraryScraper/data/texts/sannazaro2.txt,0.6884,937,0.6264674493062967,1.1005,15.3607,156,0.1665
497,../TheLatinLibraryScraper/data/texts/scaliger.txt,0.9464,56,0.9464285714285714,1.0,8.0,31,0.5536
498,../TheLatinLibraryScraper/data/texts/scbaccanalibus.txt,0.373,1024,0.322265625,1.1939,15.7538,125,0.1221
499,../TheLatinLibraryScraper/data/texts/scottus.txt,0.0823,2541,0.07713498622589532,1.0714,11.9858,84,0.0331
500,../TheLatinLibraryScraper/data/texts/sedulius.solis.txt,0.8172,383,0.7728459530026109,1.0574,12.3548,95,0.248
501,../TheLatinLibraryScraper/data/texts/sedulius.txt,0.8182,33,0.8181818181818182,1.0,5.5,9,0.2727
502,../TheLatinLibraryScraper/data/texts/sedulius1.txt,0.6675,2785,0.5504488330341113,1.2166,22.1032,275,0.0987
503,../TheLatinLibraryScraper/data/texts/sedulius2.txt,0.6483,2320,0.5439655172413793,1.1981,22.3077,261,0.1125
504,../TheLatinLibraryScraper/data/texts/sedulius3.txt,0.6661,2549,0.5586504511573166,1.1952,22.1652,250,0.0981
505,../TheLatinLibraryScraper/data/texts/sedulius4.txt,0.6819,2292,0.5654450261780105,1.2083,24.383,240,0.1047
506,../TheLatinLibraryScraper/data/texts/sedulius5.txt,0.5892,3532,0.4753680634201585,1.2436,22.3544,283,0.0801
507,../TheLatinLibraryScraper/data/texts/seneca.contr6.txt,0.4634,2456,0.3485342019543974,1.3388,8.411,261,0.1063
508,../TheLatinLibraryScraper/data/texts/septsap.txt,0.2819,9419,0.19895954984605585,1.4317,10.5951,376,0.0399
509,../TheLatinLibraryScraper/data/texts/sicmeafata.txt,0.2189,434,0.20967741935483872,1.0549,20.6667,49,0.1129
510,../TheLatinLibraryScraper/data/texts/sidonius.txt,0.6471,51,0.6470588235294118,1.0,7.2857,12,0.2353
511,../TheLatinLibraryScraper/data/texts/sidonius1.txt,0.5185,6829,0.3984477961634207,1.3065,14.1975,426,0.0624
512,../TheLatinLibraryScraper/data/texts/sidonius2.txt,0.5607,5893,0.43950449686068216,1.2792,15.5079,437,0.0742
513,../TheLatinLibraryScraper/data/texts/sidonius3.txt,0.5447,4606,0.4283543204515849,1.2788,14.53,396,0.086
514,../TheLatinLibraryScraper/data/texts/sidonius4.txt,0.4664,9155,0.3381758601856909,1.3882,15.8666,495,0.0541
515,../TheLatinLibraryScraper/data/texts/sidonius5.txt,0.5087,5518,0.3894527002537151,1.3127,13.3932,425,0.077
516,../TheLatinLibraryScraper/data/texts/sidonius6.txt,0.5419,3078,0.42755035737491875,1.2728,16.0312,337,0.1095
517,../TheLatinLibraryScraper/data/texts/sidonius7.txt,0.464,8697,0.32459468782338735,1.4357,13.8048,503,0.0578
518,../TheLatinLibraryScraper/data/texts/sidonius8.txt,0.4903,7769,0.37263483073754666,1.3237,14.9692,465,0.0599
519,../TheLatinLibraryScraper/data/texts/sidonius9.txt,0.4876,8050,0.3652173913043478,1.3422,15.6008,461,0.0573
520,../TheLatinLibraryScraper/data/texts/sidoniuscarmina.txt,0.2389,45498,0.1639632511319179,1.4716,15.465,553,0.0122
521,../TheLatinLibraryScraper/data/texts/sigebert.script.txt,0.3388,10468,0.2656667940389759,1.2837,13.9573,389,0.0372
522,../TheLatinLibraryScraper/data/texts/sigebert.txt,0.9333,30,0.9333333333333333,1.0,7.5,15,0.5
523,../TheLatinLibraryScraper/data/texts/sigebert.virgin.txt,0.8,100,0.77,1.039,11.1111,38,0.38
524,../TheLatinLibraryScraper/data/texts/sigebert.vitabrevior.txt,0.542,1738,0.4436133486766398,1.2257,25.9403,218,0.1254
525,../TheLatinLibraryScraper/data/texts/smarius.txt,0.6222,1252,0.5455271565495208,1.1435,14.2273,193,0.1542
526,../TheLatinLibraryScraper/data/texts/solet.txt,0.0187,47839,0.014569702543949497,1.2927,18.3502,239,0.005
527,../TheLatinLibraryScraper/data/texts/solinus.txt,0.6212,66,0.6212121212121212,1.0,7.3333,14,0.2121
528,../TheLatinLibraryScraper/data/texts/solinus1.txt,0.4654,10192,0.35743720565149134,1.3091,16.2035,434,0.0426
529,../TheLatinLibraryScraper/data/texts/solinus1a.txt,0.4665,11491,0.3454007484118005,1.3563,16.3689,451,0.0392
530,../TheLatinLibraryScraper/data/texts/solinus2a.txt,0.501,7654,0.3839822315129344,1.3096,13.0392,383,0.05
531,../TheLatinLibraryScraper/data/texts/solinus3a.txt,0.4681,9572,0.3447555369828667,1.3636,13.3315,399,0.0417
532,../TheLatinLibraryScraper/data/texts/solinus4a.txt,0.4605,9888,0.3370752427184466,1.3726,13.8876,423,0.0428
533,../TheLatinLibraryScraper/data/texts/solinus5.txt,0.3461,39350,0.22299872935196952,1.5636,15.3053,571,0.0145
534,../TheLatinLibraryScraper/data/texts/spinoza.txt,0.7391,23,0.7391304347826086,1.0,5.75,11,0.4783
535,../TheLatinLibraryScraper/data/texts/suetonius_suet.caesar.txt,0.4574,11489,0.32822699973888064,1.401,19.1165,441,0.0384
536,../TheLatinLibraryScraper/data/texts/suetonius_suet.cal.txt,0.5036,9112,0.38037752414398596,1.3292,19.7657,417,0.0458
537,../TheLatinLibraryScraper/data/texts/suetonius_suet.claudius.txt,0.4968,7705,0.3704088254380273,1.3514,17.877,400,0.0519
538,../TheLatinLibraryScraper/data/texts/suetonius_suet.crispus.txt,0.7975,158,0.7658227848101266,1.0413,13.1667,57,0.3608
539,../TheLatinLibraryScraper/data/texts/suetonius_suet.dom.txt,0.5586,4314,0.4473806212331943,1.2544,17.0514,324,0.0751
540,../TheLatinLibraryScraper/data/texts/suetonius_suet.galba.txt,0.5911,3402,0.487066431510876,1.2191,18.3892,295,0.0867
541,../TheLatinLibraryScraper/data/texts/suetonius_suet.gram.txt,0.5233,3520,0.39801136363636364,1.3233,17.2549,304,0.0864
542,../TheLatinLibraryScraper/data/texts/suetonius_suet.horace.txt,0.6723,656,0.5807926829268293,1.1601,13.9574,166,0.253
543,../TheLatinLibraryScraper/data/texts/suetonius_suet.lucan.txt,0.8097,268,0.7649253731343284,1.0585,15.7647,91,0.3396
544,../TheLatinLibraryScraper/data/texts/suetonius_suet.otho.txt,0.6249,1981,0.5275113579000504,1.1885,19.0481,237,0.1196
545,../TheLatinLibraryScraper/data/texts/suetonius_suet.persius.txt,0.6767,532,0.5827067669172933,1.1613,14.7778,119,0.2237
546,../TheLatinLibraryScraper/data/texts/suetonius_suet.pliny.txt,0.8607,122,0.8442622950819673,1.0194,17.4286,59,0.4836
547,../TheLatinLibraryScraper/data/texts/suetonius_suet.rhet.txt,0.5944,1642,0.5,1.1937,15.2037,218,0.1328
548,../TheLatinLibraryScraper/data/texts/suetonius_suet.terence.txt,0.6179,992,0.5292338709677419,1.1695,15.746,181,0.1825
549,../TheLatinLibraryScraper/data/texts/suetonius_suet.tibullus.txt,0.8491,106,0.8113207547169812,1.0465,11.7778,43,0.4057
550,../TheLatinLibraryScraper/data/texts/suetonius_suet.titus.txt,0.6154,1789,0.524315259921744,1.1791,18.6354,255,0.1425
551,../TheLatinLibraryScraper/data/texts/suetonius_suet.vesp.txt,0.5136,4307,0.4118876247968423,1.2514,17.6516,313,0.0727
552,../TheLatinLibraryScraper/data/texts/suetonius_suet.virgil.txt,0.6262,1723,0.5333720255368544,1.1763,16.4095,238,0.1381
553,../TheLatinLibraryScraper/data/texts/suetonius_suet.vit.txt,0.6037,2849,0.5026325026325026,1.2032,21.4211,279,0.0979
554,../TheLatinLibraryScraper/data/texts/sulpicia.txt,0.6975,324,0.6018518518518519,1.1641,12.0,101,0.3117
555,../TheLatinLibraryScraper/data/texts/sulpiciusseverus.txt,0.8485,33,0.8484848484848485,1.0,4.125,10,0.303
556,../TheLatinLibraryScraper/data/texts/sulpiciusseverusmartin.txt,0.3773,8408,0.25392483349191247,1.497,15.6866,410,0.0488
557,../TheLatinLibraryScraper/data/texts/technical.txt,0.5898,256,0.6015625,1.0,19.6923,31,0.1211
558,../TheLatinLibraryScraper/data/texts/tempusest.txt,0.0325,2398,0.030859049207673062,1.0541,10.0756,34,0.0142
559,../TheLatinLibraryScraper/data/texts/ter.adel.txt,0.2866,11359,0.1940311647152038,1.5036,7.3331,393,0.0346
560,../TheLatinLibraryScraper/data/texts/ter.andria.txt,0.2906,11888,0.21349259757738898,1.396,7.218,378,0.0318
561,../TheLatinLibraryScraper/data/texts/ter.eunuchus.txt,0.2937,12717,0.2128646693402532,1.4115,7.3424,390,0.0307
562,../TheLatinLibraryScraper/data/texts/ter.heauton.txt,0.2871,12449,0.20812916700136558,1.4145,7.3445,392,0.0315
563,../TheLatinLibraryScraper/data/texts/ter.hecyra.txt,0.3135,9790,0.22318692543411645,1.4398,9.1667,406,0.0415
564,../TheLatinLibraryScraper/data/texts/ter.phormio.txt,0.2892,12211,0.20817295880763245,1.4221,7.7187,414,0.0339
565,../TheLatinLibraryScraper/data/texts/terraiam.txt,0.2865,384,0.2734375,1.0476,21.3333,61,0.1589
566,../TheLatinLibraryScraper/data/texts/tertullian.txt,0.6726,113,0.672566371681416,1.0,7.0625,31,0.2743
567,../TheLatinLibraryScraper/data/texts/testamentum.txt,0.6325,400,0.5525,1.1448,10.5263,100,0.25
568,../TheLatinLibraryScraper/data/texts/theganus.txt,0.3262,7680,0.2328125,1.4088,16.5161,350,0.0456
569,../TheLatinLibraryScraper/data/texts/theodolus.txt,0.6363,2755,0.554627949183303,1.1499,8.9739,244,0.0886
570,../TheLatinLibraryScraper/data/texts/theodosius.txt,0.4792,48,0.4791666666666667,1.0,8.0,11,0.2292
571,../TheLatinLibraryScraper/data/texts/theophanes.txt,0.2539,1032,0.23546511627906977,1.0782,15.6364,105,0.1017
572,../TheLatinLibraryScraper/data/texts/thesauro.txt,0.5345,2088,0.4061302681992337,1.3219,19.156,265,0.1269
573,../TheLatinLibraryScraper/data/texts/thomasedessa.txt,0.2742,12675,0.17167652859960553,1.6098,19.8357,475,0.0375
574,../TheLatinLibraryScraper/data/texts/tibullus1.txt,0.0719,40245,0.05486395825568394,1.3197,14.7634,321,0.008
575,../TheLatinLibraryScraper/data/texts/tibullus2.txt,0.5113,3368,0.3830166270783848,1.3457,13.6356,267,0.0793
576,../TheLatinLibraryScraper/data/texts/valeriusflaccus1.txt,0.5378,6513,0.4113311837862736,1.3158,20.1019,342,0.0525
577,../TheLatinLibraryScraper/data/texts/valeriusflaccus2.txt,0.5677,5126,0.44401092469762,1.2891,19.2707,320,0.0624
578,../TheLatinLibraryScraper/data/texts/valeriusflaccus3.txt,0.5547,5668,0.43119266055045874,1.2926,18.7063,328,0.0579
579,../TheLatinLibraryScraper/data/texts/valeriusflaccus4.txt,0.5197,5967,0.40288252052957935,1.2995,17.8119,333,0.0558
580,../TheLatinLibraryScraper/data/texts/valeriusflaccus5.txt,0.5295,5509,0.41296060991105465,1.2892,17.7138,349,0.0634
581,../TheLatinLibraryScraper/data/texts/valeriusflaccus6.txt,0.5545,5767,0.4367955609502341,1.2755,19.6156,344,0.0596
582,../TheLatinLibraryScraper/data/texts/valeriusflaccus7.txt,0.5072,5231,0.3884534505830625,1.314,19.6654,376,0.0719
583,../TheLatinLibraryScraper/data/texts/valeriusflaccus8.txt,0.5583,3729,0.43255564494502546,1.2988,18.2794,335,0.0898
584,../TheLatinLibraryScraper/data/texts/valesianus.txt,0.8182,22,0.8181818181818182,1.0,4.4,10,0.4545
585,../TheLatinLibraryScraper/data/texts/valmax1.txt,0.4714,9771,0.31552553474567596,1.5028,19.3103,446,0.0456
586,../TheLatinLibraryScraper/data/texts/valmax2.txt,0.4642,10364,0.2981474334233887,1.566,19.5179,488,0.0471
587,../TheLatinLibraryScraper/data/texts/valmax3.txt,0.4442,10937,0.29212764012069126,1.5311,19.3233,486,0.0444
588,../TheLatinLibraryScraper/data/texts/valmax4.txt,0.4347,10957,0.278543396915214,1.5691,18.7942,491,0.0448
589,../TheLatinLibraryScraper/data/texts/valmax5.txt,0.4253,11740,0.2651618398637138,1.6116,19.8983,508,0.0433
590,../TheLatinLibraryScraper/data/texts/valmax6.txt,0.4349,10505,0.2848167539267016,1.5358,17.278,468,0.0446
591,../TheLatinLibraryScraper/data/texts/valmax7.txt,0.4661,9018,0.30749611887336437,1.5233,19.69,464,0.0515
592,../TheLatinLibraryScraper/data/texts/valmax8.txt,0.4423,10597,0.2864961781636312,1.5501,17.4293,467,0.0441
593,../TheLatinLibraryScraper/data/texts/valmax9.txt,0.4435,11029,0.2986671502402756,1.4936,17.3685,457,0.0414
594,../TheLatinLibraryScraper/data/texts/varro.frag.txt,0.4513,2125,0.35905882352941176,1.2647,11.2434,235,0.1106
595,../TheLatinLibraryScraper/data/texts/varro.ll10.txt,0.2791,6063,0.17219198416625434,1.6398,20.4141,361,0.0595
596,../TheLatinLibraryScraper/data/texts/varro.ll5.txt,0.3324,13556,0.25346709943936263,1.3201,12.8008,403,0.0297
597,../TheLatinLibraryScraper/data/texts/varro.ll6.txt,0.3529,7579,0.25966486343844836,1.3714,13.3905,361,0.0476
598,../TheLatinLibraryScraper/data/texts/varro.ll7.txt,0.398,6653,0.31173906508342103,1.2854,9.9151,351,0.0528
599,../TheLatinLibraryScraper/data/texts/varro.ll8.txt,0.3064,6149,0.20865181330297608,1.4786,17.7717,367,0.0597
600,../TheLatinLibraryScraper/data/texts/varro.ll9.txt,0.2725,8927,0.17788730816623727,1.5472,19.1978,398,0.0446
601,../TheLatinLibraryScraper/data/texts/varro.rr1.txt,0.2964,17454,0.20110003437607427,1.4952,18.6474,478,0.0274
602,../TheLatinLibraryScraper/data/texts/varro.rr2.txt,0.3242,13000,0.22130769230769232,1.48,18.1564,445,0.0342
603,../TheLatinLibraryScraper/data/texts/varro.rr3.txt,0.3355,12185,0.23233483791546983,1.4617,19.0094,460,0.0378
604,../TheLatinLibraryScraper/data/texts/vegetius1.txt,0.4287,5470,0.29378427787934186,1.4655,16.7278,337,0.0616
605,../TheLatinLibraryScraper/data/texts/vegetius2.txt,0.4099,5594,0.2726135144797998,1.5108,15.6695,349,0.0624
606,../TheLatinLibraryScraper/data/texts/vegetius3.txt,0.3572,11671,0.20795133236226546,1.733,18.8242,472,0.0404
607,../TheLatinLibraryScraper/data/texts/vegetius4.txt,0.448,6553,0.3096291774759652,1.4544,15.5653,353,0.0539
608,../TheLatinLibraryScraper/data/texts/vell1.txt,0.4841,4363,0.3786385514554206,1.2827,20.5802,341,0.0782
609,../TheLatinLibraryScraper/data/texts/venantius.txt,0.0748,7783,0.06449955030194013,1.1594,11.7214,148,0.019
610,../TheLatinLibraryScraper/data/texts/vestiunt.txt,0.1853,529,0.18714555765595464,1.0,14.2973,46,0.087
611,../TheLatinLibraryScraper/data/texts/vicentius.txt,0.3128,20293,0.20948110185778346,1.5022,17.7077,525,0.0259
612,../TheLatinLibraryScraper/data/texts/vico.orat6.txt,0.4349,3725,0.3057718120805369,1.4328,17.7381,340,0.0913
613,../TheLatinLibraryScraper/data/texts/victor.caes.txt,0.3961,13001,0.2756711022229059,1.4531,20.6365,438,0.0337
614,../TheLatinLibraryScraper/data/texts/victor.ill.txt,0.3867,11509,0.2940307585367973,1.3212,15.3045,359,0.0312
615,../TheLatinLibraryScraper/data/texts/victor.origio.txt,0.4377,5371,0.3312232358964811,1.3277,17.9632,326,0.0607
616,../TheLatinLibraryScraper/data/texts/vida.txt,0.486,5146,0.3812670034978624,1.2819,17.0963,310,0.0602
617,../TheLatinLibraryScraper/data/texts/vitacaroli.txt,0.2868,17715,0.19587919841941856,1.479,21.2665,514,0.029
618,../TheLatinLibraryScraper/data/texts/vitruvius_vitruvius1.txt,0.3988,7144,0.28023516237402013,1.4331,20.1808,370,0.0518
619,../TheLatinLibraryScraper/data/texts/vitruvius_vitruvius2.txt,0.2115,14216,0.14687675858187957,1.4497,19.1849,371,0.0261
620,../TheLatinLibraryScraper/data/texts/vitruvius_vitruvius3.txt,0.3646,4854,0.2548413679439637,1.4438,17.274,333,0.0686
621,../TheLatinLibraryScraper/data/texts/vitruvius_vitruvius5.txt,0.3707,7152,0.2525167785234899,1.4845,18.625,352,0.0492
622,../TheLatinLibraryScraper/data/texts/vitruvius_vitruvius6.txt,0.3913,6074,0.2655581165623971,1.4823,17.8647,350,0.0576
623,../TheLatinLibraryScraper/data/texts/volovirum.txt,0.1756,786,0.15521628498727735,1.1311,11.3913,67,0.0852
624,../TheLatinLibraryScraper/data/texts/vorag.txt,0.5354,99,0.5353535353535354,1.0,8.25,19,0.1919
625,../TheLatinLibraryScraper/data/texts/waltarius.txt,0.8182,22,0.8181818181818182,1.0,5.5,11,0.5
626,../TheLatinLibraryScraper/data/texts/waltarius1.txt,0.6089,3362,0.4898869720404521,1.2508,16.4,295,0.0877
627,../TheLatinLibraryScraper/data/texts/waltarius2.txt,0.5469,4924,0.440089358245329,1.2506,15.8328,308,0.0626
628,../TheLatinLibraryScraper/data/texts/waltarius3.txt,0.6315,2980,0.5372483221476511,1.1793,18.625,281,0.0943
629,../TheLatinLibraryScraper/data/texts/walter.txt,0.5965,57,0.5964912280701754,1.0,7.125,12,0.2105
630,../TheLatinLibraryScraper/data/texts/walter10.txt,0.0339,6893,0.03220658639199188,1.0586,15.1162,87,0.0126
631,../TheLatinLibraryScraper/data/texts/walter11.txt,0.0628,4620,0.05541125541125541,1.1367,19.5763,111,0.024
632,../TheLatinLibraryScraper/data/texts/walter12.txt,0.0467,8392,0.041706387035271686,1.1229,15.0125,119,0.0142
633,../TheLatinLibraryScraper/data/texts/walter4.txt,0.0373,15831,0.033289116290821805,1.1252,15.4902,164,0.0104
634,../TheLatinLibraryScraper/data/texts/walter5.txt,0.0401,13886,0.03550338470401843,1.1339,15.9609,157,0.0113
635,../TheLatinLibraryScraper/data/texts/walter6.txt,0.0446,11618,0.0399380271991737,1.1207,14.1338,136,0.0117
636,../TheLatinLibraryScraper/data/texts/walter7.txt,0.0318,19363,0.027475081340701337,1.1635,14.3217,180,0.0093
637,../TheLatinLibraryScraper/data/texts/walter8.txt,0.0592,6660,0.053903903903903906,1.1003,14.833,115,0.0173
638,../TheLatinLibraryScraper/data/texts/walter9.txt,0.0597,6478,0.05372028403828342,1.1149,14.6561,121,0.0187
639,../TheLatinLibraryScraper/data/texts/williamtyre.txt,0.5972,72,0.5972222222222222,1.0,9.0,13,0.1806
640,../TheLatinLibraryScraper/data/texts/williamtyre_1.txt,0.3377,17117,0.22363731962376585,1.5217,20.7228,492,0.0287
641,../TheLatinLibraryScraper/data/texts/williamtyre_10.txt,0.3403,13211,0.23185224434183635,1.4796,22.0551,465,0.0352
642,../TheLatinLibraryScraper/data/texts/williamtyre_12.txt,0.3462,11710,0.23714773697694277,1.4703,21.2909,447,0.0382
643,../TheLatinLibraryScraper/data/texts/williamtyre_13.txt,0.3379,14363,0.22697208104156513,1.5031,19.4621,479,0.0333
644,../TheLatinLibraryScraper/data/texts/williamtyre_14.txt,0.3326,14277,0.2274987742522939,1.476,21.3408,497,0.0348
645,../TheLatinLibraryScraper/data/texts/williamtyre_15.txt,0.3508,13228,0.23881161173268825,1.4824,22.1946,457,0.0345
646,../TheLatinLibraryScraper/data/texts/williamtyre_16.txt,0.3398,15188,0.2269554911772452,1.5068,20.469,485,0.0319
647,../TheLatinLibraryScraper/data/texts/williamtyre_17.txt,0.3225,15760,0.20970812182741116,1.5483,21.7981,472,0.0299
648,../TheLatinLibraryScraper/data/texts/williamtyre_18.txt,0.3173,18104,0.2088488731771984,1.5319,24.5312,485,0.0268
649,../TheLatinLibraryScraper/data/texts/williamtyre_19.txt,0.3473,14863,0.23279284128372468,1.502,19.5823,485,0.0326
650,../TheLatinLibraryScraper/data/texts/williamtyre_2.txt,0.3442,10694,0.2365812605199177,1.4668,21.5171,433,0.0405
651,../TheLatinLibraryScraper/data/texts/williamtyre_20.txt,0.3378,15557,0.22774313813717298,1.4942,21.0514,488,0.0314
652,../TheLatinLibraryScraper/data/texts/williamtyre_21.txt,0.3157,15367,0.21578707620225157,1.4744,19.7773,499,0.0325
653,../TheLatinLibraryScraper/data/texts/williamtyre_22.txt,0.2943,19252,0.1936422189902348,1.5349,23.6511,503,0.0261
654,../TheLatinLibraryScraper/data/texts/williamtyre_23.txt,0.5771,1194,0.48408710217755446,1.199,21.3214,219,0.1834
655,../TheLatinLibraryScraper/data/texts/williamtyre_3.txt,0.3567,11116,0.24325296869377475,1.4774,21.5426,431,0.0388
656,../TheLatinLibraryScraper/data/texts/williamtyre_4.txt,0.3307,12250,0.228,1.4622,22.0721,446,0.0364
657,../TheLatinLibraryScraper/data/texts/williamtyre_5.txt,0.3437,11509,0.22443305239377878,1.5408,21.313,479,0.0416
658,../TheLatinLibraryScraper/data/texts/williamtyre_6.txt,0.3494,12149,0.2313770680714462,1.5226,24.1531,457,0.0376
659,../TheLatinLibraryScraper/data/texts/williamtyre_7.txt,0.3286,12479,0.2252584341694046,1.4696,22.8135,417,0.0334
660,../TheLatinLibraryScraper/data/texts/williamtyre_8.txt,0.1684,26292,0.11493990567472996,1.4772,21.5332,469,0.0178
661,../TheLatinLibraryScraper/data/texts/williamtyre_9.txt,0.3712,9899,0.2560864733811496,1.4607,20.4948,421,0.0425
662,../TheLatinLibraryScraper/data/texts/williamtyre_prologus.txt,0.5671,1536,0.46875,1.2167,18.963,244,0.1589
663,../TheLatinLibraryScraper/data/texts/withof_,0.9344,61,0.9344262295081968,1.0,15.25,34,0.5574
664,../TheLatinLibraryScraper/data/texts/withof_index.txt,0.9344,61,0.9344262295081968,1.0,15.25,34,0.5574
665,../TheLatinLibraryScraper/data/texts/withof_withof1.txt,0.7609,276,0.7137681159420289,1.0711,12.5455,90,0.3261
666,../TheLatinLibraryScraper/data/texts/withof_withof2.txt,0.3921,533,0.3696060037523452,1.066,19.7407,82,0.1538
667,../TheLatinLibraryScraper/data/texts/withof_withof4.txt,0.2015,412,0.19902912621359223,1.0122,10.8421,40,0.0971
668,../TheLatinLibraryScraper/data/texts/wmconches.txt,0.9167,24,0.9166666666666666,1.0,6.0,13,0.5417
669,../TheLatinLibraryScraper/data/texts/zonaras.txt,0.3342,13413,0.23462312681726682,1.4328,15.5603,405,0.0302
